matchId,matchDate,matchType,ouid,nickname,matchResult,possession,averageRating,dribble,cornerKick,offsideCount,shootTotal,effectiveShootTotal,goalTotal,shootPenaltyKick,goalPenaltyKick,passTry,passSuccess,shortPassTry,shortPassSuccess,longPassTry,longPassSuccess,throughPassTry,throughPassSuccess,tackleTry,tackleSuccess,blockTry,blockSuccess,goalTime,x,y,type,result,spId,assist,assistSpId,hitPost,inPenalty
67e12c9354b64d3471d867a9,2025-03-24T09:59:04,50,a328c04014159b2f7e6a7b0b22951bbb,김민재어벤져스,패,35,3.89444,4,0,0,1,0,0,0,0,3,2,0,0,1,0,2,2,1,1,0,0,260,0.807309091091156,0.4247178137302399,1,2,101007826,False,-1,False,False
67e12c5045753b6ab1c456a8,2025-03-24T09:58:13,50,eb24fa73d41cf2dad9b88514f074a5d7,웃음의미학,승,65,4.60556,6,0,0,2,2,1,0,0,6,6,5,5,0,0,1,1,0,0,0,0,219,0.9200944304466248,0.6156754493713379,6,1,834247679,True,826210324,False,True
67e12c5045753b6ab1c456a8,2025-03-24T09:58:13,50,eb24fa73d41cf2dad9b88514f074a5d7,웃음의미학,승,65,4.60556,6,0,0,2,2,1,0,0,6,6,5,5,0,0,1,1,0,0,0,0,231,0.9651550054550172,0.5065343379974365,3,3,826229906,False,-1,False,True
67e12c4c3c2bc810f05b8f5f,2025-03-24T09:59:36,50,9893f797d02da13d8fb89c355f74a4d7,트럼트트렁크팬티,승,43,3.92222,13,1,0,3,2,1,0,0,18,15,10,9,1,0,7,6,2,1,2,0,1080,0.7706288695335388,0.576073169708252,2,2,829004000,True,829001419,False,False
67e12c4c3c2bc810f05b8f5f,2025-03-24T09:59:36,50,9893f797d02da13d8fb89c355f74a4d7,트럼트트렁크팬티,승,43,3.92222,13,1,0,3,2,1,0,0,18,15,10,9,1,0,7,6,2,1,2,0,1402,0.8146905899047852,0.3994282484054565,2,3,825001625,True,829202652,False,False
67e12c4c3c2bc810f05b8f5f,2025-03-24T09:59:36,50,9893f797d02da13d8fb89c355f74a4d7,트럼트트렁크팬티,승,43,3.92222,13,1,0,3,2,1,0,0,18,15,10,9,1,0,7,6,2,1,2,0,913,0.77604854106903,0.3017009198665619,1,1,829004000,True,832246669,False,False
67e12c49c18e8116560e7580,2025-03-24T09:59:05,50,99df4b9ea4022a65b60adfbf528a2992,THEFOXES11,승,67,4.9,16,0,0,2,2,2,0,0,22,22,15,15,0,0,3,3,1,1,0,0,890,0.9198336601257324,0.701614499092102,6,3,820202126,True,810252371,False,True
67e12c49c18e8116560e7580,2025-03-24T09:59:05,50,99df4b9ea4022a65b60adfbf528a2992,THEFOXES11,승,67,4.9,16,0,0,2,2,2,0,0,22,22,15,15,0,0,3,3,1,1,0,0,562,0.8527331352233887,0.466418594121933,2,3,832231281,True,268034079,False,True
67e12c32d0f961115bd1c9d0,2025-03-24T09:59:30,50,4c45df84273afffdd5cc764e4e6cf470,20210504JJ,승,57,4.32778,16,1,0,5,4,2,0,0,21,19,10,9,2,1,5,5,6,3,0,0,1246,0.914255917072296,0.65384703874588,6,3,804245367,True,270232411,False,True
67e12c32d0f961115bd1c9d0,2025-03-24T09:59:30,50,4c45df84273afffdd5cc764e4e6cf470,20210504JJ,승,57,4.32778,16,1,0,5,4,2,0,0,21,19,10,9,2,1,5,5,6,3,0,0,381,0.89103490114212,0.5965816378593445,3,1,810262138,False,-1,False,True
67e12c32d0f961115bd1c9d0,2025-03-24T09:59:30,50,4c45df84273afffdd5cc764e4e6cf470,20210504JJ,승,57,4.32778,16,1,0,5,4,2,0,0,21,19,10,9,2,1,5,5,6,3,0,0,298,0.78677213191986,0.3467340767383575,12,1,826233195,True,804243580,False,False
67e12c32d0f961115bd1c9d0,2025-03-24T09:59:30,50,4c45df84273afffdd5cc764e4e6cf470,20210504JJ,승,57,4.32778,16,1,0,5,4,2,0,0,21,19,10,9,2,1,5,5,6,3,0,0,1450,0.7847034931182861,0.5165007710456848,2,2,270232411,False,-1,False,False
67e12c32d0f961115bd1c9d0,2025-03-24T09:59:30,50,4c45df84273afffdd5cc764e4e6cf470,20210504JJ,승,57,4.32778,16,1,0,5,4,2,0,0,21,19,10,9,2,1,5,5,6,3,0,0,564,0.955546259880066,0.463656097650528,2,3,804243580,True,804245367,False,True
67e12c2ea92522ba15ba195b,2025-03-24T09:59:29,50,9b4c4378709c1b7d7ce26115062fdf3f,목행시민,승,79,4.03889,28,2,0,6,3,1,0,0,38,35,25,22,3,3,6,6,2,2,1,0,1489,0.9420316219329834,0.4361921548843384,3,2,832194765,False,-1,True,True
67e12c2ea92522ba15ba195b,2025-03-24T09:59:29,50,9b4c4378709c1b7d7ce26115062fdf3f,목행시민,승,79,4.03889,28,2,0,6,3,1,0,0,38,35,25,22,3,3,6,6,2,2,1,0,808,0.9288344979286194,0.597219705581665,3,3,834229558,True,832194765,False,True
67e12c2ea92522ba15ba195b,2025-03-24T09:59:29,50,9b4c4378709c1b7d7ce26115062fdf3f,목행시민,승,79,4.03889,28,2,0,6,3,1,0,0,38,35,25,22,3,3,6,6,2,2,1,0,751,0.9320410490036012,0.5940787196159363,3,2,834229558,False,-1,False,True
67e12c2ea92522ba15ba195b,2025-03-24T09:59:29,50,9b4c4378709c1b7d7ce26115062fdf3f,목행시민,승,79,4.03889,28,2,0,6,3,1,0,0,38,35,25,22,3,3,6,6,2,2,1,0,549,0.9406498074531556,0.5945895314216614,6,1,832194765,True,814178509,False,True
67e12c2ea92522ba15ba195b,2025-03-24T09:59:29,50,9b4c4378709c1b7d7ce26115062fdf3f,목행시민,승,79,4.03889,28,2,0,6,3,1,0,0,38,35,25,22,3,3,6,6,2,2,1,0,279,0.8718214631080627,0.394859105348587,6,2,815241637,True,832194765,False,True
67e12c2ea92522ba15ba195b,2025-03-24T09:59:29,50,9b4c4378709c1b7d7ce26115062fdf3f,목행시민,승,79,4.03889,28,2,0,6,3,1,0,0,38,35,25,22,3,3,6,6,2,2,1,0,697,0.8681085109710693,0.4220057427883148,1,1,832194765,True,832232656,False,True
67e12c2b166754a5e591762f,2025-03-24T09:58:02,50,6e865245fbbbf848e1bd4c560fa25332,AdelmarZanetti,승,68,3.92778,16,1,0,3,1,1,0,0,26,25,22,21,0,0,1,1,2,2,0,0,253,0.8763780593872,0.5294212102890015,1,2,821023174,False,-1,False,True
67e12c2b166754a5e591762f,2025-03-24T09:58:02,50,6e865245fbbbf848e1bd4c560fa25332,AdelmarZanetti,승,68,3.92778,16,1,0,3,1,1,0,0,26,25,22,21,0,0,1,1,2,2,0,0,338,0.827898383140564,0.647153913974762,1,2,268005589,True,825199564,False,False
67e12c2b166754a5e591762f,2025-03-24T09:58:02,50,6e865245fbbbf848e1bd4c560fa25332,AdelmarZanetti,승,68,3.92778,16,1,0,3,1,1,0,0,26,25,22,21,0,0,1,1,2,2,0,0,871,0.8904106616973877,0.4882012009620667,6,3,821023174,True,827052241,False,True
67e12c19ff176da184fb0a57,2025-03-24T09:58:59,50,f73321f447e6b80431858219d782481d,메시형공줘,승,55,4.37222,18,0,0,3,3,2,0,0,22,21,17,16,0,0,3,3,0,0,2,0,1210,0.936962902545929,0.4387548863887787,2,3,832158023,True,802010535,False,True
67e12c19ff176da184fb0a57,2025-03-24T09:58:59,50,f73321f447e6b80431858219d782481d,메시형공줘,승,55,4.37222,18,0,0,3,3,2,0,0,22,21,17,16,0,0,3,3,0,0,2,0,793,0.94102793931961,0.4556580483913422,1,3,825176580,True,832158023,False,True
67e12c19ff176da184fb0a57,2025-03-24T09:58:59,50,f73321f447e6b80431858219d782481d,메시형공줘,승,55,4.37222,18,0,0,3,3,2,0,0,22,21,17,16,0,0,3,3,0,0,2,0,661,0.8796437382698059,0.6241258978843689,2,1,810194765,True,832158023,False,True
67e12c19ff176da184fb0a57,2025-03-24T09:58:59,50,139223e402afd7f9c4e4a4a74f8b479d,핍진,패,45,3.22778,19,0,0,2,1,0,0,0,27,26,24,24,1,0,0,0,2,1,5,1,376,0.7730662226676941,0.5782716274261475,2,1,268191208,True,826212194,False,False
67e12c19ff176da184fb0a57,2025-03-24T09:58:59,50,139223e402afd7f9c4e4a4a74f8b479d,핍진,패,45,3.22778,19,0,0,2,1,0,0,0,27,26,24,24,1,0,0,0,2,1,5,1,500,0.6748299598693848,0.6300627589225769,2,2,826212194,False,-1,False,False
67e12c1977fc52f011edf4e5,2025-03-24T09:58:49,50,3da50c0a2c9ac1c03788b2674ecc118e,300미터원온,승,53,3.7,19,0,0,2,2,2,0,0,25,18,19,14,0,0,5,4,4,1,0,0,355,0.8369755744934082,0.3797599077224731,2,3,820202126,True,832246669,False,False
67e12c1977fc52f011edf4e5,2025-03-24T09:58:49,50,3da50c0a2c9ac1c03788b2674ecc118e,300미터원온,승,53,3.7,19,0,0,2,2,2,0,0,25,18,19,14,0,0,5,4,4,1,0,0,1174,0.9634389281272888,0.4434882998466492,1,3,820202126,True,832246669,False,True
67e12c1977fc52f011edf4e5,2025-03-24T09:58:49,50,5647d9aa08e20543354c696d8fb5827f,자림이알랴뷰,패,48,3.91111,15,0,0,2,2,2,0,0,14,13,14,13,0,0,0,0,4,3,1,0,214,0.9428013563156128,0.5980520248413086,6,3,101166691,True,270263781,False,True
67e12c1977fc52f011edf4e5,2025-03-24T09:58:49,50,5647d9aa08e20543354c696d8fb5827f,자림이알랴뷰,패,48,3.91111,15,0,0,2,2,2,0,0,14,13,14,13,0,0,0,0,4,3,1,0,641,0.8997426629066467,0.3940836489200592,6,3,101166691,True,101190043,False,True
67e12c16c29d7adf4363ad6c,2025-03-24T09:58:44,50,272fd29bd24f9bc463eaca4310b4a4a8,스포츠밴드,승,47,3.90556,13,0,0,1,1,1,0,0,14,13,13,12,0,0,1,1,1,0,4,0,711,0.9030398726463318,0.4353661239147186,6,3,810237692,True,810186942,False,True
67e12c0131c84343469aa2ea,2025-03-24T09:59:29,50,438d72812bc2591d7e94af0cac3e40bf,아스널풋볼,패,47,3.38333,28,1,1,3,3,0,0,0,29,28,14,14,2,1,13,13,6,2,2,0,225,0.8831273317337036,0.6117210984230042,6,1,291230666,True,820222665,False,True
67e12c0131c84343469aa2ea,2025-03-24T09:59:29,50,438d72812bc2591d7e94af0cac3e40bf,아스널풋볼,패,47,3.38333,28,1,1,3,3,0,0,0,29,28,14,14,2,1,13,13,6,2,2,0,1112,0.9618619680404664,0.669925332069397,4,1,291230666,True,829234378,False,True
67e12c0131c84343469aa2ea,2025-03-24T09:59:29,50,438d72812bc2591d7e94af0cac3e40bf,아스널풋볼,패,47,3.38333,28,1,1,3,3,0,0,0,29,28,14,14,2,1,13,13,6,2,2,0,528,0.92401099205017,0.6159329414367676,7,1,826225193,False,-1,False,True
67e12c0131c84343469aa2ea,2025-03-24T09:59:29,50,679e57040a124f6519d283ea52758435,잉글징글랜드,승,53,4.58889,25,0,0,4,4,3,0,0,35,32,26,23,0,0,4,4,2,2,5,1,1312,0.88852709531784,0.5055616497993469,2,1,832277643,False,-1,False,True
67e12c0131c84343469aa2ea,2025-03-24T09:59:29,50,679e57040a124f6519d283ea52758435,잉글징글랜드,승,53,4.58889,25,0,0,4,4,3,0,0,35,32,26,23,0,0,4,4,2,2,5,1,654,0.942174792289734,0.4026621878147125,6,3,832188545,True,832233419,False,True
67e12c0131c84343469aa2ea,2025-03-24T09:59:29,50,679e57040a124f6519d283ea52758435,잉글징글랜드,승,53,4.58889,25,0,0,4,4,3,0,0,35,32,26,23,0,0,4,4,2,2,5,1,1329,0.8835173845291138,0.5675222277641296,2,3,832277643,True,832188545,False,True
67e12c0131c84343469aa2ea,2025-03-24T09:59:29,50,679e57040a124f6519d283ea52758435,잉글징글랜드,승,53,4.58889,25,0,0,4,4,3,0,0,35,32,26,23,0,0,4,4,2,2,5,1,1808,0.9449021220207214,0.3770425617694855,6,3,291264240,True,832233419,False,True
67e12bf7e4ceb8989881031a,2025-03-24T09:59:21,50,41f2bae2adde20b1020f96b1dac293ab,radiantz,승,65,4.05556,42,1,0,3,2,1,0,0,60,53,46,42,2,1,12,10,7,5,0,0,1817,0.8858387470245361,0.4139599800109863,3,2,251222481,False,-1,False,True
67e12bf7e4ceb8989881031a,2025-03-24T09:59:21,50,41f2bae2adde20b1020f96b1dac293ab,radiantz,승,65,4.05556,42,1,0,3,2,1,0,0,60,53,46,42,2,1,12,10,7,5,0,0,1394,0.823578953742981,0.6448345184326172,2,3,289158023,True,251010535,False,False
67e12bf7e4ceb8989881031a,2025-03-24T09:59:21,50,41f2bae2adde20b1020f96b1dac293ab,radiantz,승,65,4.05556,42,1,0,3,2,1,0,0,60,53,46,42,2,1,12,10,7,5,0,0,1285,0.8907226920127869,0.3910999596118927,2,1,802190045,True,251001625,False,True
67e12bf67f99212a8781640f,2025-03-24T09:58:31,50,38aa415c763181215c4985ac140608e1,형듀니는이김,승,59,4.05556,20,0,1,3,2,2,0,0,27,22,21,19,2,1,4,2,2,1,3,0,866,0.8570579886436462,0.4319886565208435,2,3,827214267,False,-1,False,True
67e12bf67f99212a8781640f,2025-03-24T09:58:31,50,38aa415c763181215c4985ac140608e1,형듀니는이김,승,59,4.05556,20,0,1,3,2,2,0,0,27,22,21,19,2,1,4,2,2,1,3,0,728,0.7883298993110657,0.4556750357151031,2,2,291224494,True,832246669,False,False
67e12bf67f99212a8781640f,2025-03-24T09:58:31,50,38aa415c763181215c4985ac140608e1,형듀니는이김,승,59,4.05556,20,0,1,3,2,2,0,0,27,22,21,19,2,1,4,2,2,1,3,0,1389,0.9398369193077089,0.5106555223464966,3,3,832202126,True,832246669,False,True
67e12bf67f99212a8781640f,2025-03-24T09:58:31,50,e607bca5a4723a9d5abfdfdc5507759a,ATLS,패,39,3.23333,10,0,0,1,0,0,0,0,16,10,10,9,0,0,5,1,0,0,2,1,1029,0.8225221633911133,0.587955117225647,1,2,268191208,True,826226380,True,False
67e12bf1ede443846797690c,2025-03-24T09:59:33,50,5bfa6c305a1087a5bc17b627d31804b6,피파하는보히,승,58,4.06111,43,1,0,4,3,1,0,0,50,46,43,41,1,1,4,3,8,5,0,0,1553,0.8885850310325623,0.568175196647644,1,1,832227796,True,811233700,False,True
67e12bf1ede443846797690c,2025-03-24T09:59:33,50,5bfa6c305a1087a5bc17b627d31804b6,피파하는보히,승,58,4.06111,43,1,0,4,3,1,0,0,50,46,43,41,1,1,4,3,8,5,0,0,2006,0.8656267523765564,0.5315581560134888,2,1,252013128,True,811233700,False,True
67e12bf1ede443846797690c,2025-03-24T09:59:33,50,5bfa6c305a1087a5bc17b627d31804b6,피파하는보히,승,58,4.06111,43,1,0,4,3,1,0,0,50,46,43,41,1,1,4,3,8,5,0,0,232,0.966035783290863,0.3823056519031525,6,2,270232411,True,283208421,False,True
67e12bf1ede443846797690c,2025-03-24T09:59:33,50,5bfa6c305a1087a5bc17b627d31804b6,피파하는보히,승,58,4.06111,43,1,0,4,3,1,0,0,50,46,43,41,1,1,4,3,8,5,0,0,765,0.9297674298286438,0.541972815990448,3,3,811233700,True,832227796,False,True
67e12be8ed08638507cf738c,2025-03-24T09:56:32,50,78ac00cd74da8a101fbf311decbf3ddb,가성비팀입니다,승,68,4.02778,13,0,0,1,1,1,0,0,17,16,15,14,0,0,2,2,1,1,0,0,670,0.9595539569854736,0.4739558696746826,2,3,821165889,True,289200104,False,True
67e12be8ec8f4609bedd6ca3,2025-03-24T09:57:44,50,d98f7e274fbe792dee07280b6fa4919a,씨병구,패,43,3.76111,11,0,0,2,0,0,0,0,15,14,8,7,0,0,7,7,4,2,3,0,209,0.8087131381034851,0.33342307806015,1,2,237037576,True,289182521,False,False
67e12be8ec8f4609bedd6ca3,2025-03-24T09:57:44,50,d98f7e274fbe792dee07280b6fa4919a,씨병구,패,43,3.76111,11,0,0,2,0,0,0,0,15,14,8,7,0,0,7,7,4,2,3,0,231,0.828010618686676,0.3080763518810272,2,2,820239053,False,-1,False,False
67e12be8ec8f4609bedd6ca3,2025-03-24T09:57:44,50,ac5af01f699235914b7c83d5e7d13de0,Freeer,승,57,4.02222,22,0,0,4,3,2,0,0,35,32,29,29,0,0,4,3,2,2,2,1,487,0.9829975962638856,0.6027208566665649,2,2,251010535,False,-1,False,True
67e12be8ec8f4609bedd6ca3,2025-03-24T09:57:44,50,ac5af01f699235914b7c83d5e7d13de0,Freeer,승,57,4.02222,22,0,0,4,3,2,0,0,35,32,29,29,0,0,4,3,2,2,2,1,417,0.7911224961280823,0.4711570143699646,2,1,251010535,True,268190045,False,False
67e12be8ec8f4609bedd6ca3,2025-03-24T09:57:44,50,ac5af01f699235914b7c83d5e7d13de0,Freeer,승,57,4.02222,22,0,0,4,3,2,0,0,35,32,29,29,0,0,4,3,2,2,2,1,1060,0.9198577404022216,0.4398202896118164,1,3,268190045,True,252176580,False,True
67e12be8ec8f4609bedd6ca3,2025-03-24T09:57:44,50,ac5af01f699235914b7c83d5e7d13de0,Freeer,승,57,4.02222,22,0,0,4,3,2,0,0,35,32,29,29,0,0,4,3,2,2,2,1,496,0.96508377790451,0.5056560039520264,2,3,252176580,False,-1,False,True
67e12be733585b3a32045130,2025-03-24T09:58:02,50,99bc30064268e23c3a1ae2efeaf3b69e,3패광탈,패,54,3.35556,23,0,0,2,2,0,0,0,35,33,32,31,2,1,1,1,3,0,5,0,216,0.8980773687362671,0.5164200067520142,3,1,828208830,False,-1,False,True
67e12be733585b3a32045130,2025-03-24T09:58:02,50,99bc30064268e23c3a1ae2efeaf3b69e,3패광탈,패,54,3.35556,23,0,0,2,2,0,0,0,35,33,32,31,2,1,1,1,3,0,5,0,1193,0.8614264130592346,0.4500357508659363,1,1,832202126,False,-1,False,True
67e12be733585b3a32045130,2025-03-24T09:58:02,50,191153614481f02ee37cd8b4480dc8c1,8딱8딱구토따리,승,46,4.67222,14,2,0,4,4,3,0,0,20,18,12,12,3,2,5,4,1,1,1,0,859,0.8073805570602417,0.3407243192195892,1,1,289183898,True,251182521,False,False
67e12be733585b3a32045130,2025-03-24T09:58:02,50,191153614481f02ee37cd8b4480dc8c1,8딱8딱구토따리,승,46,4.67222,14,2,0,4,4,3,0,0,20,18,12,12,3,2,5,4,1,1,1,0,930,0.9267222285270692,0.5600830912590027,3,3,252155862,True,289183898,False,True
67e12be733585b3a32045130,2025-03-24T09:58:02,50,191153614481f02ee37cd8b4480dc8c1,8딱8딱구토따리,승,46,4.67222,14,2,0,4,4,3,0,0,20,18,12,12,3,2,5,4,1,1,1,0,389,0.8481652140617371,0.3899858593940735,2,3,253165153,True,810173608,False,True
67e12be733585b3a32045130,2025-03-24T09:58:02,50,191153614481f02ee37cd8b4480dc8c1,8딱8딱구토따리,승,46,4.67222,14,2,0,4,4,3,0,0,20,18,12,12,3,2,5,4,1,1,1,0,1335,0.91613346338272,0.5519360899925232,3,3,810173608,True,289183898,False,True
67e12be65fe37135d9acec10,2025-03-24T09:58:41,50,1b8c4f48ad20bc839f4079d4f3c28183,NorthropB2Spirit,승,58,4.58889,34,1,1,5,5,3,0,0,46,41,30,30,2,1,10,7,5,3,0,0,834,0.901595950126648,0.4247612953186035,6,1,825247703,True,832231281,False,True
67e12be65fe37135d9acec10,2025-03-24T09:58:41,50,1b8c4f48ad20bc839f4079d4f3c28183,NorthropB2Spirit,승,58,4.58889,34,1,1,5,5,3,0,0,46,41,30,30,2,1,10,7,5,3,0,0,202,0.9619255065917968,0.543302595615387,3,3,831209331,True,291216267,False,True
67e12be65fe37135d9acec10,2025-03-24T09:58:41,50,1b8c4f48ad20bc839f4079d4f3c28183,NorthropB2Spirit,승,58,4.58889,34,1,1,5,5,3,0,0,46,41,30,30,2,1,10,7,5,3,0,0,1045,0.7986972332000732,0.558283269405365,1,1,825247703,True,834239837,False,False
67e12be65fe37135d9acec10,2025-03-24T09:58:41,50,1b8c4f48ad20bc839f4079d4f3c28183,NorthropB2Spirit,승,58,4.58889,34,1,1,5,5,3,0,0,46,41,30,30,2,1,10,7,5,3,0,0,434,0.8775977492332458,0.3946453332901,2,3,829242516,True,834239837,False,True
67e12be65fe37135d9acec10,2025-03-24T09:58:41,50,1b8c4f48ad20bc839f4079d4f3c28183,NorthropB2Spirit,승,58,4.58889,34,1,1,5,5,3,0,0,46,41,30,30,2,1,10,7,5,3,0,0,1153,0.9371039271354676,0.3914816081523895,6,3,829242516,True,291232487,False,True
67e12be5e9f5d8f128bc7723,2025-03-24T09:56:03,50,a8051bfb16e373905ede41e81c527eb1,마빡이내딱갈,승,80,4.18889,6,0,0,3,1,1,0,0,7,7,4,4,0,0,3,3,0,0,0,0,327,0.8623509407043457,0.6104487776756287,2,2,825209331,True,827013743,False,True
67e12be5e9f5d8f128bc7723,2025-03-24T09:56:03,50,a8051bfb16e373905ede41e81c527eb1,마빡이내딱갈,승,80,4.18889,6,0,0,3,1,1,0,0,7,7,4,4,0,0,3,3,0,0,0,0,376,0.9180257320404052,0.5297673344612122,2,3,825209331,True,827013743,False,True
67e12be5e9f5d8f128bc7723,2025-03-24T09:56:03,50,a8051bfb16e373905ede41e81c527eb1,마빡이내딱갈,승,80,4.18889,6,0,0,3,1,1,0,0,7,7,4,4,0,0,3,3,0,0,0,0,547,0.81705105304718,0.395928829908371,2,2,825208722,True,291236772,False,False
67e12bd412fde827ca51972d,2025-03-24T09:56:11,50,f35b68b1e6781412df7fc1373572b56d,2인공용ID,승,68,4.19444,8,0,0,1,1,1,0,0,17,17,13,13,0,0,3,3,2,1,1,0,416,0.961425483226776,0.5292633771896362,2,3,827214267,True,832188545,False,True
67e12bd2e4d0d6538677ad54,2025-03-24T09:59:23,50,c00955373ae5c3baa69711cba42f894b,음벨홀8카,패,43,3.16111,15,0,0,1,0,0,0,0,18,17,10,10,0,0,8,7,3,3,5,1,1978,0.8079226613044739,0.58424687385559,2,2,802189511,True,825142754,False,False
67e12bd02d055e77bfeb7f22,2025-03-24T09:59:03,50,7620253e92dfb4b34e3ac30009df4f1c,9O분에골넣음,승,49,4.31111,21,1,0,6,4,3,0,0,31,30,13,13,2,1,13,13,9,3,3,0,1320,0.8728474974632263,0.51298302412033,7,3,825192985,False,-1,False,True
67e12bd02d055e77bfeb7f22,2025-03-24T09:59:03,50,7620253e92dfb4b34e3ac30009df4f1c,9O분에골넣음,승,49,4.31111,21,1,0,6,4,3,0,0,31,30,13,13,2,1,13,13,9,3,3,0,1856,0.8614852428436279,0.4479691386222839,1,2,825192985,False,-1,False,True
67e12bd02d055e77bfeb7f22,2025-03-24T09:59:03,50,7620253e92dfb4b34e3ac30009df4f1c,9O분에골넣음,승,49,4.31111,21,1,0,6,4,3,0,0,31,30,13,13,2,1,13,13,9,3,3,0,1212,0.8317553997039795,0.5192252397537231,12,1,825192985,True,807239085,False,False
67e12bd02d055e77bfeb7f22,2025-03-24T09:59:03,50,7620253e92dfb4b34e3ac30009df4f1c,9O분에골넣음,승,49,4.31111,21,1,0,6,4,3,0,0,31,30,13,13,2,1,13,13,9,3,3,0,774,0.9485875964164734,0.5473272800445557,3,3,820246191,False,-1,False,True
67e12bd02d055e77bfeb7f22,2025-03-24T09:59:03,50,7620253e92dfb4b34e3ac30009df4f1c,9O분에골넣음,승,49,4.31111,21,1,0,6,4,3,0,0,31,30,13,13,2,1,13,13,9,3,3,0,764,0.9401745200157166,0.4327086508274078,3,2,807239085,True,832237692,False,True
67e12bd02d055e77bfeb7f22,2025-03-24T09:59:03,50,7620253e92dfb4b34e3ac30009df4f1c,9O분에골넣음,승,49,4.31111,21,1,0,6,4,3,0,0,31,30,13,13,2,1,13,13,9,3,3,0,2199,0.919840395450592,0.55208146572113,1,3,825192985,True,807239085,False,True
67e12bc8fcdf7f486ddfc1e2,2025-03-24T09:59:38,50,04ad0ad8c30ce3fec3bb5941fb794b66,HABA이,승,48,4.48333,31,0,0,4,4,3,0,0,35,33,16,15,2,1,17,17,6,5,2,1,1639,0.8880681991577148,0.3950417041778564,2,3,820192883,True,252191189,False,True
67e12bc8fcdf7f486ddfc1e2,2025-03-24T09:59:38,50,04ad0ad8c30ce3fec3bb5941fb794b66,HABA이,승,48,4.48333,31,0,0,4,4,3,0,0,35,33,16,15,2,1,17,17,6,5,2,1,2238,0.9457993507385254,0.5073788166046143,2,3,829233096,True,829005589,False,True
67e12bc8fcdf7f486ddfc1e2,2025-03-24T09:59:38,50,04ad0ad8c30ce3fec3bb5941fb794b66,HABA이,승,48,4.48333,31,0,0,4,4,3,0,0,35,33,16,15,2,1,17,17,6,5,2,1,2565,0.9547612071037292,0.5998265743255615,6,3,832208128,True,829192505,False,True
67e12bc8fcdf7f486ddfc1e2,2025-03-24T09:59:38,50,04ad0ad8c30ce3fec3bb5941fb794b66,HABA이,승,48,4.48333,31,0,0,4,4,3,0,0,35,33,16,15,2,1,17,17,6,5,2,1,1206,0.8803713917732239,0.56028926372528,2,1,829192505,True,832208128,False,True
67e12bb5b8a14e4865094b7e,2025-03-24T09:59:09,50,0df61d531429d59a1ec71c4cf72ec766,안지혁이다,승,44,3.88889,22,0,2,2,1,1,0,0,20,18,16,16,0,0,4,2,3,2,2,0,597,0.9147968292236328,0.4301085472106934,6,3,827004000,False,-1,False,True
67e12bb5b8a14e4865094b7e,2025-03-24T09:59:09,50,0df61d531429d59a1ec71c4cf72ec766,안지혁이다,승,44,3.88889,22,0,2,2,1,1,0,0,20,18,16,16,0,0,4,2,3,2,2,0,1484,0.8960949778556824,0.583962082862854,1,2,814005589,True,827191189,False,True
67e12bb5b8a14e4865094b7e,2025-03-24T09:59:09,50,4f3f30690fcce7c29f3481882c8d2765,준서맘인데용,패,56,3.32778,26,0,0,1,1,0,0,0,41,37,31,28,1,1,8,8,0,0,1,0,229,0.8965966701507568,0.5187439918518066,3,1,827054050,False,-1,False,True
67e12bae658eed52a965e1c3,2025-03-24T09:55:25,50,7cd6f9f7f64207c7b040f779ad568707,두근두근안기부,승,79,3.7,8,1,1,2,2,0,0,0,8,8,7,7,1,1,0,0,1,0,0,0,243,0.7557405829429626,0.4431158006191254,12,1,827001620,True,829001605,False,False
67e12bae658eed52a965e1c3,2025-03-24T09:55:25,50,7cd6f9f7f64207c7b040f779ad568707,두근두근안기부,승,79,3.7,8,1,1,2,2,0,0,0,8,8,7,7,1,1,0,0,1,0,0,0,324,0.855269730091095,0.67562586069107,12,1,829001605,True,813006975,False,True
67e12bab3952a53bd3956c46,2025-03-24T09:59:30,50,4cc8623379845fa9fc1f8f0db57e00ea,아킹나라,승,52,4.06667,17,0,0,3,2,2,0,0,23,20,15,13,1,1,7,6,3,1,3,0,323,0.935367226600647,0.5232111215591431,3,2,820222492,False,-1,False,True
67e12bab3952a53bd3956c46,2025-03-24T09:59:30,50,4cc8623379845fa9fc1f8f0db57e00ea,아킹나라,승,52,4.06667,17,0,0,3,2,2,0,0,23,20,15,13,1,1,7,6,3,1,3,0,1009,0.9183049201965332,0.583986222743988,1,3,829121944,True,810225375,False,True
67e12bab3952a53bd3956c46,2025-03-24T09:59:30,50,4cc8623379845fa9fc1f8f0db57e00ea,아킹나라,승,52,4.06667,17,0,0,3,2,2,0,0,23,20,15,13,1,1,7,6,3,1,3,0,1305,0.8628232479095459,0.462236225605011,1,3,827011141,True,829121944,False,True
67e12bab3952a53bd3956c46,2025-03-24T09:59:30,50,5a42df4438c15a4d28455598f8e37c8c,욕구절정,패,47,3.43889,14,0,0,1,1,0,0,0,28,22,22,18,0,0,5,4,0,0,1,0,739,0.8965186476707458,0.6239266395568848,2,1,283246669,True,804265693,False,True
67e12b9d6afeb7eb4fbb2e8f,2025-03-24T09:59:22,50,5c31baa2f47908f236cdb098b39a6db8,첼시팬합니다,승,63,4.61667,36,3,0,8,7,3,0,0,52,48,34,34,7,3,6,6,0,0,4,1,512,0.8180291056632996,0.5258821249008179,2,1,832239053,True,807182521,False,False
67e12b9d6afeb7eb4fbb2e8f,2025-03-24T09:59:22,50,5c31baa2f47908f236cdb098b39a6db8,첼시팬합니다,승,63,4.61667,36,3,0,8,7,3,0,0,52,48,34,34,7,3,6,6,0,0,4,1,795,0.8710395693778992,0.38421618938446,2,1,829001397,True,820238794,False,True
67e12b9d6afeb7eb4fbb2e8f,2025-03-24T09:59:22,50,5c31baa2f47908f236cdb098b39a6db8,첼시팬합니다,승,63,4.61667,36,3,0,8,7,3,0,0,52,48,34,34,7,3,6,6,0,0,4,1,1208,0.954422414302826,0.4530969560146332,2,1,252020801,False,-1,False,True
67e12b9d6afeb7eb4fbb2e8f,2025-03-24T09:59:22,50,5c31baa2f47908f236cdb098b39a6db8,첼시팬합니다,승,63,4.61667,36,3,0,8,7,3,0,0,52,48,34,34,7,3,6,6,0,0,4,1,1487,0.905372142791748,0.3606077432632446,6,3,252020801,True,829001397,False,True
67e12b9d6afeb7eb4fbb2e8f,2025-03-24T09:59:22,50,5c31baa2f47908f236cdb098b39a6db8,첼시팬합니다,승,63,4.61667,36,3,0,8,7,3,0,0,52,48,34,34,7,3,6,6,0,0,4,1,2205,0.8276123404502869,0.554061233997345,1,3,832239053,True,829001397,False,False
67e12b9d6afeb7eb4fbb2e8f,2025-03-24T09:59:22,50,5c31baa2f47908f236cdb098b39a6db8,첼시팬합니다,승,63,4.61667,36,3,0,8,7,3,0,0,52,48,34,34,7,3,6,6,0,0,4,1,2576,0.95176500082016,0.5013885498046875,2,3,252020801,True,820238794,False,True
67e12b9d6afeb7eb4fbb2e8f,2025-03-24T09:59:22,50,5c31baa2f47908f236cdb098b39a6db8,첼시팬합니다,승,63,4.61667,36,3,0,8,7,3,0,0,52,48,34,34,7,3,6,6,0,0,4,1,305,0.8984863758087158,0.48643609881401,6,1,829001397,True,252020801,False,True
67e12b9d6afeb7eb4fbb2e8f,2025-03-24T09:59:22,50,5c31baa2f47908f236cdb098b39a6db8,첼시팬합니다,승,63,4.61667,36,3,0,8,7,3,0,0,52,48,34,34,7,3,6,6,0,0,4,1,454,0.8892652988433838,0.1698677539825439,8,2,829001397,False,-1,False,False
67e12b9d6afeb7eb4fbb2e8f,2025-03-24T09:59:22,50,162906f9d3889c9f42b529f9469d5159,azur,패,37,3.15,18,1,0,1,1,0,0,0,36,28,15,14,3,0,18,14,10,3,6,1,1815,0.7904241681098938,0.464994877576828,1,1,265226226,True,828231478,False,False
67e12b98a1be5b117b1c2071,2025-03-24T09:59:44,50,fb2cea73a5b258d44fc1e29d530c5237,잉또바잉,승,58,4.6,49,0,0,6,4,3,0,0,78,75,58,58,1,1,18,15,5,4,2,0,1142,0.8253034353256226,0.4800623059272766,1,3,814143001,True,834277954,False,False
67e12b98a1be5b117b1c2071,2025-03-24T09:59:44,50,fb2cea73a5b258d44fc1e29d530c5237,잉또바잉,승,58,4.6,49,0,0,6,4,3,0,0,78,75,58,58,1,1,18,15,5,4,2,0,2497,0.81064087152481,0.49399647116661,2,3,834277954,True,289183898,False,False
67e12b98a1be5b117b1c2071,2025-03-24T09:59:44,50,fb2cea73a5b258d44fc1e29d530c5237,잉또바잉,승,58,4.6,49,0,0,6,4,3,0,0,78,75,58,58,1,1,18,15,5,4,2,0,16777361,0.9041646718978882,0.6546641588211,2,1,289193082,True,814143001,False,True
67e12b98a1be5b117b1c2071,2025-03-24T09:59:44,50,fb2cea73a5b258d44fc1e29d530c5237,잉또바잉,승,58,4.6,49,0,0,6,4,3,0,0,78,75,58,58,1,1,18,15,5,4,2,0,16777433,0.8616431951522827,0.3998442888259888,2,3,834277954,True,829001397,False,True
67e12b98a1be5b117b1c2071,2025-03-24T09:59:44,50,fb2cea73a5b258d44fc1e29d530c5237,잉또바잉,승,58,4.6,49,0,0,6,4,3,0,0,78,75,58,58,1,1,18,15,5,4,2,0,508,0.8019828200340271,0.3874590694904327,2,2,829001397,False,-1,False,False
67e12b98a1be5b117b1c2071,2025-03-24T09:59:44,50,fb2cea73a5b258d44fc1e29d530c5237,잉또바잉,승,58,4.6,49,0,0,6,4,3,0,0,78,75,58,58,1,1,18,15,5,4,2,0,1036,0.8264908790588379,0.5449089407920837,1,2,814143001,True,829001397,False,False
67e12b96028278251d0cbc69,2025-03-24T09:57:52,50,4112b77c93150353fae16bed08f0176d,나는야두팔이,승,63,4.15,25,5,0,9,7,1,0,0,29,26,20,19,5,3,4,4,9,6,1,0,1476,0.9235448241233826,0.4136766791343689,1,2,825054050,True,821143001,False,True
67e12b96028278251d0cbc69,2025-03-24T09:57:52,50,4112b77c93150353fae16bed08f0176d,나는야두팔이,승,63,4.15,25,5,0,9,7,1,0,0,29,26,20,19,5,3,4,4,9,6,1,0,1024,0.8081139326095581,0.5077017545700073,1,1,825039943,True,829021146,False,False
67e12b96028278251d0cbc69,2025-03-24T09:57:52,50,4112b77c93150353fae16bed08f0176d,나는야두팔이,승,63,4.15,25,5,0,9,7,1,0,0,29,26,20,19,5,3,4,4,9,6,1,0,1251,0.8076211810112,0.4124990105628967,1,2,825054050,False,-1,False,False
67e12b96028278251d0cbc69,2025-03-24T09:57:52,50,4112b77c93150353fae16bed08f0176d,나는야두팔이,승,63,4.15,25,5,0,9,7,1,0,0,29,26,20,19,5,3,4,4,9,6,1,0,1089,0.91349571943283,0.4831372499465942,3,1,825169588,False,-1,False,True
67e12b96028278251d0cbc69,2025-03-24T09:57:52,50,4112b77c93150353fae16bed08f0176d,나는야두팔이,승,63,4.15,25,5,0,9,7,1,0,0,29,26,20,19,5,3,4,4,9,6,1,0,1611,0.9127916097640992,0.40232890844345,1,1,821143001,True,825054050,False,True
67e12b96028278251d0cbc69,2025-03-24T09:57:52,50,4112b77c93150353fae16bed08f0176d,나는야두팔이,승,63,4.15,25,5,0,9,7,1,0,0,29,26,20,19,5,3,4,4,9,6,1,0,517,0.9507640600204468,0.5960480570793152,2,1,821143001,True,825039943,False,True
67e12b96028278251d0cbc69,2025-03-24T09:57:52,50,4112b77c93150353fae16bed08f0176d,나는야두팔이,승,63,4.15,25,5,0,9,7,1,0,0,29,26,20,19,5,3,4,4,9,6,1,0,1717,0.7622019052505493,0.4920291304588318,1,1,825039943,True,829021146,False,False
67e12b96028278251d0cbc69,2025-03-24T09:57:52,50,4112b77c93150353fae16bed08f0176d,나는야두팔이,승,63,4.15,25,5,0,9,7,1,0,0,29,26,20,19,5,3,4,4,9,6,1,0,1980,0.9268167614936828,0.3741241991519928,1,3,821143001,True,829021146,False,True
67e12b96028278251d0cbc69,2025-03-24T09:57:52,50,4112b77c93150353fae16bed08f0176d,나는야두팔이,승,63,4.15,25,5,0,9,7,1,0,0,29,26,20,19,5,3,4,4,9,6,1,0,826,0.8004206418991089,0.43031558394432,10,1,829021146,True,827226764,False,False
67e12b95492dd404cba1ef5d,2025-03-24T09:54:39,50,09e47aec0174bf01842c091d750ba276,도단77,승,56,4.63333,29,4,0,17,9,3,0,0,40,38,29,29,5,3,6,6,7,5,1,0,2042,0.8015297651290894,0.5803537368774414,1,2,270232293,True,835171877,False,False
67e12b95492dd404cba1ef5d,2025-03-24T09:54:39,50,09e47aec0174bf01842c091d750ba276,도단77,승,56,4.63333,29,4,0,17,9,3,0,0,40,38,29,29,5,3,6,6,7,5,1,0,1912,0.809949517250061,0.5132541060447693,2,2,835171877,True,252001183,False,False
67e12b95492dd404cba1ef5d,2025-03-24T09:54:39,50,09e47aec0174bf01842c091d750ba276,도단77,승,56,4.63333,29,4,0,17,9,3,0,0,40,38,29,29,5,3,6,6,7,5,1,0,1721,0.8121382594108582,0.6904340386390686,12,2,835171877,True,270237086,False,False
67e12b95492dd404cba1ef5d,2025-03-24T09:54:39,50,09e47aec0174bf01842c091d750ba276,도단77,승,56,4.63333,29,4,0,17,9,3,0,0,40,38,29,29,5,3,6,6,7,5,1,0,1295,0.9506047368049622,0.4631815552711487,3,2,265179813,False,-1,False,True
67e12b95492dd404cba1ef5d,2025-03-24T09:54:39,50,09e47aec0174bf01842c091d750ba276,도단77,승,56,4.63333,29,4,0,17,9,3,0,0,40,38,29,29,5,3,6,6,7,5,1,0,1012,0.9580639600753784,0.5439908504486084,3,2,270237086,False,-1,False,True
67e12b95492dd404cba1ef5d,2025-03-24T09:54:39,50,09e47aec0174bf01842c091d750ba276,도단77,승,56,4.63333,29,4,0,17,9,3,0,0,40,38,29,29,5,3,6,6,7,5,1,0,533,0.8241291046142578,0.6787870526313782,1,2,835171877,True,300197781,False,False
67e12b95492dd404cba1ef5d,2025-03-24T09:54:39,50,09e47aec0174bf01842c091d750ba276,도단77,승,56,4.63333,29,4,0,17,9,3,0,0,40,38,29,29,5,3,6,6,7,5,1,0,393,0.80899292230606,0.5603193044662476,2,2,835171877,False,-1,True,False
67e12b95492dd404cba1ef5d,2025-03-24T09:54:39,50,09e47aec0174bf01842c091d750ba276,도단77,승,56,4.63333,29,4,0,17,9,3,0,0,40,38,29,29,5,3,6,6,7,5,1,0,103,0.825947642326355,0.39423257112503,2,1,270232293,True,265179813,False,False
67e12b95492dd404cba1ef5d,2025-03-24T09:54:39,50,09e47aec0174bf01842c091d750ba276,도단77,승,56,4.63333,29,4,0,17,9,3,0,0,40,38,29,29,5,3,6,6,7,5,1,0,2502,0.81441330909729,0.6832979321479797,1,1,835171877,True,253217870,False,False
67e12b95492dd404cba1ef5d,2025-03-24T09:54:39,50,09e47aec0174bf01842c091d750ba276,도단77,승,56,4.63333,29,4,0,17,9,3,0,0,40,38,29,29,5,3,6,6,7,5,1,0,2810,0.8463157415390015,0.4672713577747345,2,3,835171877,True,289175943,False,True
67e12b95492dd404cba1ef5d,2025-03-24T09:54:39,50,09e47aec0174bf01842c091d750ba276,도단77,승,56,4.63333,29,4,0,17,9,3,0,0,40,38,29,29,5,3,6,6,7,5,1,0,2223,0.8279513716697693,0.3443924188613892,2,2,265179813,True,835171877,False,False
67e12b95492dd404cba1ef5d,2025-03-24T09:54:39,50,09e47aec0174bf01842c091d750ba276,도단77,승,56,4.63333,29,4,0,17,9,3,0,0,40,38,29,29,5,3,6,6,7,5,1,0,1237,0.8132994771003723,0.4191121160984039,10,1,835171877,True,289175943,False,False
67e12b95492dd404cba1ef5d,2025-03-24T09:54:39,50,09e47aec0174bf01842c091d750ba276,도단77,승,56,4.63333,29,4,0,17,9,3,0,0,40,38,29,29,5,3,6,6,7,5,1,0,1128,0.8198255300521851,0.657166063785553,10,1,270232293,True,835171877,True,False
67e12b95492dd404cba1ef5d,2025-03-24T09:54:39,50,09e47aec0174bf01842c091d750ba276,도단77,승,56,4.63333,29,4,0,17,9,3,0,0,40,38,29,29,5,3,6,6,7,5,1,0,921,0.82256132364273,0.4066851735115051,2,1,265179813,False,-1,False,False
67e12b95492dd404cba1ef5d,2025-03-24T09:54:39,50,09e47aec0174bf01842c091d750ba276,도단77,승,56,4.63333,29,4,0,17,9,3,0,0,40,38,29,29,5,3,6,6,7,5,1,0,799,0.8001189231872559,0.3398874700069427,2,3,289175943,True,802198219,False,False
67e12b95492dd404cba1ef5d,2025-03-24T09:54:39,50,09e47aec0174bf01842c091d750ba276,도단77,승,56,4.63333,29,4,0,17,9,3,0,0,40,38,29,29,5,3,6,6,7,5,1,0,178,0.963706910610199,0.6391841173171997,3,1,835171877,False,-1,False,True
67e12b95492dd404cba1ef5d,2025-03-24T09:54:39,50,09e47aec0174bf01842c091d750ba276,도단77,승,56,4.63333,29,4,0,17,9,3,0,0,40,38,29,29,5,3,6,6,7,5,1,0,677,0.8683679699897766,0.4411787688732147,2,3,289175943,True,265179813,False,True
67e12b94a8eb113c4af9bef8,2025-03-24T09:58:32,50,fd22cf4fddf2525fcea7813afbccb5c8,050221,패,47,3.0,23,1,0,5,1,0,0,0,28,18,11,9,3,1,14,8,8,3,1,1,597,0.8191697001457214,0.6241458058357239,2,1,829177003,True,832239053,False,False
67e12b94a8eb113c4af9bef8,2025-03-24T09:58:32,50,fd22cf4fddf2525fcea7813afbccb5c8,050221,패,47,3.0,23,1,0,5,1,0,0,0,28,18,11,9,3,1,14,8,8,3,1,1,1416,0.806128978729248,0.5593527555465698,2,2,832020801,True,829177003,False,False
67e12b94a8eb113c4af9bef8,2025-03-24T09:58:32,50,fd22cf4fddf2525fcea7813afbccb5c8,050221,패,47,3.0,23,1,0,5,1,0,0,0,28,18,11,9,3,1,14,8,8,3,1,1,2147,0.8957670331001282,0.53242814540863,3,2,832020801,True,828231747,False,True
67e12b94a8eb113c4af9bef8,2025-03-24T09:58:32,50,fd22cf4fddf2525fcea7813afbccb5c8,050221,패,47,3.0,23,1,0,5,1,0,0,0,28,18,11,9,3,1,14,8,8,3,1,1,2219,0.8303450345993042,0.5949761867523193,8,2,829177003,False,-1,False,False
67e12b94a8eb113c4af9bef8,2025-03-24T09:58:32,50,fd22cf4fddf2525fcea7813afbccb5c8,050221,패,47,3.0,23,1,0,5,1,0,0,0,28,18,11,9,3,1,14,8,8,3,1,1,2317,0.82893168926239,0.5448038578033447,2,2,828231747,False,-1,False,False
67e12b905163b176438411bb,2025-03-24T09:59:17,50,33ce7ada22556c5373b4e9d458390a24,김동글,승,67,4.68889,48,2,0,4,4,3,0,0,82,78,61,58,0,0,16,15,3,3,5,0,251,0.8230383992195129,0.457674652338028,2,3,802209846,True,802192629,False,False
67e12b905163b176438411bb,2025-03-24T09:59:17,50,33ce7ada22556c5373b4e9d458390a24,김동글,승,67,4.68889,48,2,0,4,4,3,0,0,82,78,61,58,0,0,16,15,3,3,5,0,492,0.8925462961196899,0.4335428774356842,2,3,802216464,True,802190043,False,True
67e12b905163b176438411bb,2025-03-24T09:59:17,50,33ce7ada22556c5373b4e9d458390a24,김동글,승,67,4.68889,48,2,0,4,4,3,0,0,82,78,61,58,0,0,16,15,3,3,5,0,1579,0.9566261768341064,0.3598722815513611,6,1,802247699,True,802216464,False,True
67e12b905163b176438411bb,2025-03-24T09:59:17,50,33ce7ada22556c5373b4e9d458390a24,김동글,승,67,4.68889,48,2,0,4,4,3,0,0,82,78,61,58,0,0,16,15,3,3,5,0,2618,0.90975022315979,0.5698158144950867,2,3,802190043,True,802247699,False,True
67e12b905163b176438411bb,2025-03-24T09:59:17,50,e114a3ac0686bb0bb50a1335fbe2aaa2,삼수해서설대가기,패,33,3.01111,22,1,0,2,1,0,0,0,30,25,7,7,2,1,21,17,6,4,4,0,806,0.8048378825187683,0.4123336672782898,2,2,832202126,True,832231281,False,False
67e12b905163b176438411bb,2025-03-24T09:59:17,50,e114a3ac0686bb0bb50a1335fbe2aaa2,삼수해서설대가기,패,33,3.01111,22,1,0,2,1,0,0,0,30,25,7,7,2,1,21,17,6,4,4,0,2098,0.7986410856246948,0.53880089521408,1,1,832231281,False,-1,False,False
67e12b8ebac9d2df5a7a2862,2025-03-24T09:58:05,50,e4160b33a5672792cbed73ece40d9025,BlackMyth,승,64,4.75,35,0,0,4,4,4,0,0,63,58,49,47,4,2,7,7,5,3,2,0,1881,0.8508514761924744,0.6342881321907043,1,3,832237692,True,832234378,False,True
67e12b8ebac9d2df5a7a2862,2025-03-24T09:58:05,50,e4160b33a5672792cbed73ece40d9025,BlackMyth,승,64,4.75,35,0,0,4,4,4,0,0,63,58,49,47,4,2,7,7,5,3,2,0,1514,0.7842637300491333,0.6010985970497131,12,3,832234378,True,832231281,False,False
67e12b8ebac9d2df5a7a2862,2025-03-24T09:58:05,50,e4160b33a5672792cbed73ece40d9025,BlackMyth,승,64,4.75,35,0,0,4,4,4,0,0,63,58,49,47,4,2,7,7,5,3,2,0,2266,0.905211627483368,0.5803396105766296,6,3,832202126,True,100248146,False,True
67e12b8ebac9d2df5a7a2862,2025-03-24T09:58:05,50,e4160b33a5672792cbed73ece40d9025,BlackMyth,승,64,4.75,35,0,0,4,4,4,0,0,63,58,49,47,4,2,7,7,5,3,2,0,278,0.8042864203453064,0.6108729839324951,12,3,832234378,True,832231281,False,False
67e12b8d528cfe4d53a81edf,2025-03-24T09:56:27,50,e6c9d401d66c02d618667d0a3efb95a7,테오밀란종신기원,승,69,4.1,8,1,0,5,3,2,0,0,6,6,5,5,1,1,0,0,4,4,0,0,181,0.9452785849571228,0.6273815631866455,1,3,802202126,True,265206113,False,True
67e12b8d528cfe4d53a81edf,2025-03-24T09:56:27,50,e6c9d401d66c02d618667d0a3efb95a7,테오밀란종신기원,승,69,4.1,8,1,0,5,3,2,0,0,6,6,5,5,1,1,0,0,4,4,0,0,166,0.9321982860565186,0.633030891418457,2,1,802202126,True,265206113,False,True
67e12b8d528cfe4d53a81edf,2025-03-24T09:56:27,50,e6c9d401d66c02d618667d0a3efb95a7,테오밀란종신기원,승,69,4.1,8,1,0,5,3,2,0,0,6,6,5,5,1,1,0,0,4,4,0,0,637,0.9226357936859132,0.47464981675148,3,3,802202126,True,265206113,False,True
67e12b8d528cfe4d53a81edf,2025-03-24T09:56:27,50,e6c9d401d66c02d618667d0a3efb95a7,테오밀란종신기원,승,69,4.1,8,1,0,5,3,2,0,0,6,6,5,5,1,1,0,0,4,4,0,0,326,0.7856438159942627,0.5662214756011963,12,2,265206113,False,-1,False,False
67e12b8d528cfe4d53a81edf,2025-03-24T09:56:27,50,e6c9d401d66c02d618667d0a3efb95a7,테오밀란종신기원,승,69,4.1,8,1,0,5,3,2,0,0,6,6,5,5,1,1,0,0,4,4,0,0,536,0.7999932765960693,0.5308045148849487,2,2,802202126,True,289121944,False,False
67e12b8d0f1386c5de0c2056,2025-03-24T09:55:56,50,bca7bf511b168dd7f1f36d051e69a5ac,진식이는스콜스,승,43,4.67222,9,0,0,2,2,2,0,0,8,8,5,5,1,1,1,1,4,2,0,0,947,0.886452853679657,0.471996933221817,7,3,829045197,True,828202652,False,True
67e12b8d0f1386c5de0c2056,2025-03-24T09:55:56,50,bca7bf511b168dd7f1f36d051e69a5ac,진식이는스콜스,승,43,4.67222,9,0,0,2,2,2,0,0,8,8,5,5,1,1,1,1,4,2,0,0,238,0.94925856590271,0.4516491293907166,3,3,813051257,True,825209331,False,True
67e12b8d0f1386c5de0c2056,2025-03-24T09:55:56,50,258ffc8e5f1d84fcd19a70cbf8e64298,고구마순두부찌개,패,57,3.3,12,0,0,1,0,0,0,0,11,11,7,7,1,1,3,3,4,3,1,0,378,0.9120510816574096,0.4509008824825287,3,2,256165153,False,-1,False,True
67e12b8cd5eb9b16be35f46e,2025-03-24T09:55:45,50,2fd5ccf13bd9ca71db9277524e1f7dfd,장월수,승,59,4.7,12,1,0,3,3,2,0,0,15,15,7,7,2,2,4,4,0,0,1,0,668,0.9395803809165956,0.4578137695789337,3,3,829156616,True,814121939,False,True
67e12b8cd5eb9b16be35f46e,2025-03-24T09:55:45,50,2fd5ccf13bd9ca71db9277524e1f7dfd,장월수,승,59,4.7,12,1,0,3,3,2,0,0,15,15,7,7,2,2,4,4,0,0,1,0,330,0.9302449226379396,0.4152375161647797,3,3,832202126,True,814121939,False,True
67e12b8cd5eb9b16be35f46e,2025-03-24T09:55:45,50,2fd5ccf13bd9ca71db9277524e1f7dfd,장월수,승,59,4.7,12,1,0,3,3,2,0,0,15,15,7,7,2,2,4,4,0,0,1,0,281,0.962628960609436,0.3512682914733887,6,1,256234396,True,829156616,False,True
67e12b88707cad2330245f10,2025-03-24T09:57:23,50,b41412bd7628ca71af30f9582e75cfad,단일팀만드는중,승,44,4.16111,19,0,0,3,2,2,0,0,24,21,21,18,0,0,3,3,4,2,3,1,939,0.806059718132019,0.3787325024604797,1,2,291264240,True,291228702,False,False
67e12b88707cad2330245f10,2025-03-24T09:57:23,50,b41412bd7628ca71af30f9582e75cfad,단일팀만드는중,승,44,4.16111,19,0,0,3,2,2,0,0,24,21,21,18,0,0,3,3,4,2,3,1,518,0.87544709444046,0.4737809598445892,1,3,804263578,True,828188545,False,True
67e12b88707cad2330245f10,2025-03-24T09:57:23,50,b41412bd7628ca71af30f9582e75cfad,단일팀만드는중,승,44,4.16111,19,0,0,3,2,2,0,0,24,21,21,18,0,0,3,3,4,2,3,1,1787,0.8699328303337097,0.5079466104507446,2,3,828188545,True,291264240,False,True
67e12b8767733a60817afd97,2025-03-24T09:57:39,50,c146cee649e47d1babdf9324677e180e,3루수,승,43,4.59444,17,1,0,5,4,3,0,0,19,17,5,4,1,1,10,9,8,7,3,0,389,0.892720639705658,0.534819483757019,2,3,290200104,True,100003647,False,True
67e12b8767733a60817afd97,2025-03-24T09:57:39,50,c146cee649e47d1babdf9324677e180e,3루수,승,43,4.59444,17,1,0,5,4,3,0,0,19,17,5,4,1,1,10,9,8,7,3,0,1001,0.8359960317611694,0.27455985546112,8,3,834210035,False,-1,False,False
67e12b8767733a60817afd97,2025-03-24T09:57:39,50,c146cee649e47d1babdf9324677e180e,3루수,승,43,4.59444,17,1,0,5,4,3,0,0,19,17,5,4,1,1,10,9,8,7,3,0,1262,0.81545877456665,0.363150954246521,2,2,829212194,True,100003647,False,False
67e12b8767733a60817afd97,2025-03-24T09:57:39,50,c146cee649e47d1babdf9324677e180e,3루수,승,43,4.59444,17,1,0,5,4,3,0,0,19,17,5,4,1,1,10,9,8,7,3,0,1496,0.7703824639320374,0.6203947067260742,7,3,225140057,True,829212194,True,False
67e12b8767733a60817afd97,2025-03-24T09:57:39,50,c146cee649e47d1babdf9324677e180e,3루수,승,43,4.59444,17,1,0,5,4,3,0,0,19,17,5,4,1,1,10,9,8,7,3,0,1393,0.7608692646026611,0.3550212383270264,1,1,100003647,True,820231521,False,False
67e12b7f19839528f6a51c4c,2025-03-24T09:58:51,50,1a2268bcf21ff18c9b6f7681b40e771b,빡동2,패,39,3.30556,34,0,1,3,3,0,0,0,62,56,45,42,1,1,13,11,5,4,6,1,595,0.8014772534370422,0.3800818324089,2,1,814208128,True,831200104,True,False
67e12b7f19839528f6a51c4c,2025-03-24T09:58:51,50,1a2268bcf21ff18c9b6f7681b40e771b,빡동2,패,39,3.30556,34,0,1,3,3,0,0,0,62,56,45,42,1,1,13,11,5,4,6,1,2134,0.9687703251838684,0.5696091055870056,3,1,834256630,False,-1,False,True
67e12b7f19839528f6a51c4c,2025-03-24T09:58:51,50,1a2268bcf21ff18c9b6f7681b40e771b,빡동2,패,39,3.30556,34,0,1,3,3,0,0,0,62,56,45,42,1,1,13,11,5,4,6,1,1523,0.8553421497344971,0.4271522760391235,1,1,820247679,False,-1,False,True
67e12b7f19839528f6a51c4c,2025-03-24T09:58:51,50,c5b079a86a416b57a65140fe9b4ee430,남양주비철사령관,승,61,4.68889,60,0,1,5,3,3,0,0,75,70,52,52,1,1,17,13,8,7,4,0,16777489,0.9076970815658568,0.5497960448265076,6,3,832247635,True,828232293,False,True
67e12b7f19839528f6a51c4c,2025-03-24T09:58:51,50,c5b079a86a416b57a65140fe9b4ee430,남양주비철사령관,승,61,4.68889,60,0,1,5,3,3,0,0,75,70,52,52,1,1,17,13,8,7,4,0,756,0.9172617197036744,0.4169042408466339,2,1,828232293,False,-1,False,True
67e12b7f19839528f6a51c4c,2025-03-24T09:58:51,50,c5b079a86a416b57a65140fe9b4ee430,남양주비철사령관,승,61,4.68889,60,0,1,5,3,3,0,0,75,70,52,52,1,1,17,13,8,7,4,0,2718,0.9014596939086914,0.3683107197284698,7,2,828232293,False,-1,False,True
67e12b7f19839528f6a51c4c,2025-03-24T09:58:51,50,c5b079a86a416b57a65140fe9b4ee430,남양주비철사령관,승,61,4.68889,60,0,1,5,3,3,0,0,75,70,52,52,1,1,17,13,8,7,4,0,291,0.9273231625556946,0.4263370931148529,2,3,832247635,True,826227236,False,True
67e12b7f19839528f6a51c4c,2025-03-24T09:58:51,50,c5b079a86a416b57a65140fe9b4ee430,남양주비철사령관,승,61,4.68889,60,0,1,5,3,3,0,0,75,70,52,52,1,1,17,13,8,7,4,0,2446,0.8243665099143982,0.5336927175521851,2,2,802198219,True,832247635,False,False
67e12b7f19839528f6a51c4c,2025-03-24T09:58:51,50,c5b079a86a416b57a65140fe9b4ee430,남양주비철사령관,승,61,4.68889,60,0,1,5,3,3,0,0,75,70,52,52,1,1,17,13,8,7,4,0,1991,0.8857516646385193,0.5215988755226135,6,3,832247635,True,828232293,False,True
67e12b7e35f94d67d8bfe4f4,2025-03-24T09:59:55,50,639189653ce6fa9e94d3dd193c57c2cf,wlsalsgus,패,57,3.74444,51,1,1,2,2,1,0,0,62,51,44,39,2,1,15,11,7,5,3,0,288,0.8590774536132812,0.4810284972190857,1,1,268037576,True,274138449,False,True
67e12b7e35f94d67d8bfe4f4,2025-03-24T09:59:55,50,639189653ce6fa9e94d3dd193c57c2cf,wlsalsgus,패,57,3.74444,51,1,1,2,2,1,0,0,62,51,44,39,2,1,15,11,7,5,3,0,1338,0.991443693637848,0.3712359070777893,1,1,256028130,True,256004231,False,True
67e12b7e35f94d67d8bfe4f4,2025-03-24T09:59:55,50,639189653ce6fa9e94d3dd193c57c2cf,wlsalsgus,패,57,3.74444,51,1,1,2,2,1,0,0,62,51,44,39,2,1,15,11,7,5,3,0,1394,0.9129323363304138,0.43868401646614,3,3,268037576,True,256028130,False,True
67e12b7e278704353e4d00bf,2025-03-24T09:58:53,50,931f8b90270bca947ba5a4d38e9de379,장선희발레단,패,43,3.13333,26,0,2,2,1,0,0,0,52,46,44,39,0,0,8,7,5,1,3,0,1432,0.7397863864898682,0.5005115270614624,8,2,832158023,False,-1,False,False
67e12b7e278704353e4d00bf,2025-03-24T09:58:53,50,931f8b90270bca947ba5a4d38e9de379,장선희발레단,패,43,3.13333,26,0,2,2,1,0,0,0,52,46,44,39,0,0,8,7,5,1,3,0,1276,0.9095142483711244,0.4182989299297333,2,1,814189332,True,256004231,False,True
67e12b7cdf66d0ecaa812382,2025-03-24T09:55:16,50,e001e0f0ed560ee2b43276260fea66e4,이재원이팔아요,승,55,4.10556,18,0,0,4,3,2,0,0,17,12,8,5,0,0,9,7,5,4,0,0,1263,0.8734004497528076,0.4828968346118927,2,3,289054050,True,101005419,False,True
67e12b7cdf66d0ecaa812382,2025-03-24T09:55:16,50,e001e0f0ed560ee2b43276260fea66e4,이재원이팔아요,승,55,4.10556,18,0,0,4,3,2,0,0,17,12,8,5,0,0,9,7,5,4,0,0,651,0.8246450424194336,0.5275582075119019,2,1,808234378,True,217202126,False,False
67e12b7cdf66d0ecaa812382,2025-03-24T09:55:16,50,e001e0f0ed560ee2b43276260fea66e4,이재원이팔아요,승,55,4.10556,18,0,0,4,3,2,0,0,17,12,8,5,0,0,9,7,5,4,0,0,786,0.8683542609214783,0.4980248510837555,2,3,283214098,True,289054050,False,True
67e12b7cdf66d0ecaa812382,2025-03-24T09:55:16,50,e001e0f0ed560ee2b43276260fea66e4,이재원이팔아요,승,55,4.10556,18,0,0,4,3,2,0,0,17,12,8,5,0,0,9,7,5,4,0,0,1036,0.818013608455658,0.5446228981018066,8,2,289054050,False,-1,False,False
