matchId,ouid,foul,injury,redCards,yellowCards,dribble,cornerKick,offsideCount,shootTotal,effectiveShootTotal,goalTotal,shootPenaltyKick,goalPenaltyKick,passTry,passSuccess,shortPassTry,shortPassSuccess,longPassTry,longPassSuccess,throughPassTry,throughPassSuccess,tackleTry,tackleSuccess,blockTry,blockSuccess,possession,averageRating,matchDate,matchResult
67e5ab6c26956677381da20f,00bb68e0fa9a9f7cb1665b32dd8069b7,1.0,0.0,0.0,0.0,64.0,3.0,0.0,3.0,2.0,2.0,0.0,0.0,108.0,92.0,80.0,71.0,8.0,4.0,16.0,16.0,17.0,9.0,5.0,1.0,44.0,3.6333299999999995,2025-03-27T19:59:05,패
67e5ab6c26956677381da20f,b732daf0b96fc9256262fb36cb72c1bc,0.0,0.0,0.0,0.0,75.0,1.0,1.0,14.0,9.0,5.0,0.0,0.0,97.0,88.0,59.0,56.0,8.0,5.0,26.0,25.0,13.0,8.0,5.0,0.0,56.0,4.5944400000000005,2025-03-27T19:59:05,승
67e5ab6d0b020281e49f1496,7fe7ffb96f2154e14825d674841ff270,0.0,0.0,0.0,0.0,80.0,2.0,0.0,7.0,6.0,3.0,0.0,0.0,97.0,91.0,67.0,66.0,5.0,4.0,19.0,17.0,6.0,4.0,8.0,1.0,58.0,4.21667,2025-03-27T19:58:36,승
67e5ab6d0b020281e49f1496,a184d3be0a42e0978644eb62b3b41ff5,1.0,0.0,0.0,0.0,68.0,1.0,0.0,8.0,7.0,2.0,0.0,0.0,84.0,76.0,54.0,51.0,2.0,1.0,22.0,18.0,21.0,9.0,6.0,0.0,42.0,3.82778,2025-03-27T19:58:36,패
67e5ab6edc4cb4e86e4f9236,eb36555d4d460edc57ee20b782723388,0.0,0.0,0.0,0.0,72.0,0.0,1.0,6.0,4.0,2.0,0.0,0.0,86.0,77.0,66.0,63.0,4.0,1.0,15.0,13.0,4.0,1.0,15.0,2.0,44.0,4.07222,2025-03-27T19:59:02,패
67e5ab6edc4cb4e86e4f9236,ec02b2c11cebc64f1cc8b6f00cc0a6a1,1.0,0.0,0.0,0.0,95.0,3.0,0.0,10.0,8.0,4.0,0.0,0.0,132.0,116.0,93.0,87.0,7.0,5.0,32.0,24.0,12.0,7.0,8.0,0.0,56.0,4.4833300000000005,2025-03-27T19:59:02,승
67e5ab7a8493b519783d5946,6ae632b2d3e3396e10e5f14b00aceaf1,0.0,0.0,0.0,0.0,59.0,2.0,0.0,4.0,2.0,0.0,0.0,0.0,98.0,84.0,75.0,70.0,5.0,1.0,17.0,13.0,12.0,6.0,9.0,1.0,44.0,3.47778,2025-03-27T19:59:02,패
67e5ab7a8493b519783d5946,7ddab8a3a52b45ac81a55872b6c4c1e4,1.0,0.0,0.0,1.0,86.0,3.0,0.0,10.0,8.0,2.0,0.0,0.0,121.0,112.0,79.0,76.0,4.0,3.0,30.0,25.0,12.0,6.0,8.0,0.0,56.0,4.50556,2025-03-27T19:59:02,승
67e5ab7afd61c02e73e14a00,8b4d8397dd9e1663b44afa174f3f3f50,0.0,0.0,0.0,0.0,102.0,0.0,2.0,3.0,2.0,1.0,0.0,0.0,129.0,119.0,115.0,110.0,2.0,0.0,10.0,7.0,4.0,3.0,7.0,2.0,57.0,4.35,2025-03-27T19:59:02,승
67e5ab7afd61c02e73e14a00,8ea3578f75e40f882bdebab970799ad2,0.0,0.0,0.0,0.0,61.0,2.0,0.0,4.0,2.0,0.0,0.0,0.0,74.0,64.0,46.0,43.0,3.0,1.0,23.0,19.0,2.0,1.0,8.0,1.0,43.0,3.88889,2025-03-27T19:59:02,패
67e5ab7c25230b23a6044295,25aa0096537b4ec9bd20b89faad215ea,1.0,0.0,0.0,1.0,82.0,1.0,3.0,3.0,3.0,2.0,0.0,0.0,110.0,95.0,68.0,61.0,6.0,3.0,32.0,28.0,11.0,8.0,10.0,0.0,53.0,4.01111,2025-03-27T19:59:30,패
67e5ab7c25230b23a6044295,d75dbd6709a1cc8f292d7a4ed1f7de59,0.0,0.0,0.0,0.0,77.0,0.0,0.0,6.0,6.0,4.0,1.0,1.0,116.0,101.0,71.0,67.0,3.0,2.0,36.0,27.0,11.0,7.0,4.0,0.0,47.0,4.36111,2025-03-27T19:59:30,승
67e5ab7c8728f45aa7cac2e5,1fe576d06311767b29335815d296d07c,0.0,0.0,0.0,0.0,64.0,1.0,0.0,9.0,4.0,3.0,0.0,0.0,81.0,74.0,75.0,70.0,3.0,1.0,3.0,3.0,10.0,6.0,6.0,0.0,47.0,4.0,2025-03-27T19:59:01,무
67e5ab7c8728f45aa7cac2e5,b2423f3fbe1a8fd6cd1f97c9118dacbd,1.0,0.0,0.0,0.0,70.0,0.0,1.0,4.0,3.0,3.0,0.0,0.0,89.0,78.0,67.0,64.0,6.0,3.0,16.0,11.0,17.0,8.0,9.0,0.0,53.0,3.94444,2025-03-27T19:59:01,무
67e5ab7e1c2b4a75915eb004,44d731a97c264bf8923e8e7829bf2218,0.0,0.0,0.0,0.0,48.0,0.0,0.0,2.0,1.0,0.0,0.0,0.0,68.0,58.0,47.0,44.0,1.0,0.0,17.0,13.0,17.0,9.0,9.0,1.0,33.0,3.37222,2025-03-27T19:58:49,패
67e5ab7e1c2b4a75915eb004,59d5280b065cddd106fd7bc6fa6826f5,0.0,0.0,0.0,0.0,108.0,1.0,0.0,11.0,10.0,4.0,0.0,0.0,124.0,118.0,118.0,114.0,0.0,0.0,5.0,4.0,4.0,3.0,5.0,1.0,67.0,4.68889,2025-03-27T19:58:49,승
67e5ab8647e87a2e185bed50,13e03045da1c83bf7fa3d98030c4ee6b,1.0,0.0,0.0,0.0,74.0,2.0,0.0,6.0,4.0,2.0,0.0,0.0,102.0,92.0,77.0,72.0,3.0,2.0,19.0,18.0,16.0,10.0,9.0,0.0,60.0,4.03889,2025-03-27T19:58:59,무
67e5ab8647e87a2e185bed50,3c2436f8057c6929893a17b36d059cee,0.0,0.0,0.0,0.0,65.0,1.0,3.0,5.0,3.0,2.0,0.0,0.0,70.0,62.0,36.0,33.0,4.0,2.0,17.0,15.0,13.0,8.0,4.0,0.0,40.0,3.99444,2025-03-27T19:58:59,무
67e5ab86826da688e17c160c,3dec75578a11274db7d669428bd740e9,1.0,0.0,0.0,0.0,67.0,0.0,0.0,1.0,1.0,0.0,0.0,0.0,114.0,104.0,83.0,79.0,4.0,3.0,22.0,18.0,7.0,5.0,9.0,2.0,49.0,3.57222,2025-03-27T19:58:52,패
67e5ab86826da688e17c160c,f2d45ae17d7ba45c09bcc62515af2996,0.0,0.0,0.0,0.0,70.0,2.0,0.0,7.0,6.0,2.0,0.0,0.0,105.0,94.0,69.0,66.0,4.0,2.0,18.0,13.0,9.0,7.0,5.0,0.0,51.0,4.39444,2025-03-27T19:58:52,승
67e5ab86fada4db80dd53463,36277212e118b4ece503722e2937f764,1.0,0.0,0.0,0.0,88.0,4.0,0.0,8.0,6.0,1.0,0.0,0.0,146.0,134.0,119.0,111.0,2.0,1.0,24.0,22.0,16.0,11.0,11.0,0.0,57.0,4.05,2025-03-27T19:58:54,패
67e5ab86fada4db80dd53463,ba1bf6a94fb91af11abdafdc24c671b9,1.0,0.0,0.0,1.0,69.0,1.0,1.0,6.0,4.0,2.0,0.0,0.0,101.0,89.0,60.0,54.0,3.0,1.0,35.0,33.0,21.0,10.0,10.0,2.0,43.0,4.21111,2025-03-27T19:58:54,승
67e5ab871d323d21fc8edf1b,3c09ddb03aa5c3bbfb0c3ad4380b9457,0.0,0.0,0.0,0.0,86.0,6.0,1.0,11.0,9.0,2.0,1.0,1.0,136.0,122.0,92.0,86.0,8.0,4.0,17.0,16.0,9.0,3.0,8.0,2.0,59.0,4.27778,2025-03-27T19:59:01,승
67e5ab871d323d21fc8edf1b,4de06c3c80c49d7f45a031b1d5c556d3,3.0,1.0,0.0,0.0,56.0,1.0,1.0,3.0,2.0,1.0,0.0,0.0,84.0,69.0,63.0,57.0,1.0,0.0,20.0,12.0,12.0,9.0,15.0,2.0,41.0,3.65,2025-03-27T19:59:01,패
67e5ab888e131f090cbd29b8,5867b2937ddd8dc37c9c9095187b7827,0.0,0.0,0.0,0.0,94.0,3.0,0.0,8.0,6.0,2.0,0.0,0.0,118.0,113.0,86.0,83.0,6.0,6.0,19.0,18.0,3.0,2.0,8.0,0.0,66.0,4.17222,2025-03-27T19:58:46,무
67e5ab888e131f090cbd29b8,b7bbbdd5d04f1b1ba529c14c95f51979,2.0,0.0,0.0,0.0,48.0,0.0,0.0,8.0,6.0,2.0,0.0,0.0,70.0,64.0,50.0,49.0,3.0,2.0,13.0,9.0,13.0,3.0,7.0,0.0,34.0,3.88889,2025-03-27T19:58:46,무
67e5ab934e216d6f578c715c,77567244091cd21851de7441e5cb5cb1,0.0,0.0,0.0,0.0,86.0,1.0,2.0,5.0,4.0,1.0,0.0,0.0,124.0,112.0,97.0,91.0,3.0,2.0,23.0,19.0,12.0,7.0,14.0,2.0,48.0,3.83333,2025-03-27T19:58:59,패
67e5ab934e216d6f578c715c,dee658b8a4cdcf4ee50209fa73264eb4,0.0,0.0,0.0,0.0,85.0,2.0,1.0,8.0,7.0,4.0,0.0,0.0,128.0,117.0,96.0,92.0,4.0,2.0,17.0,14.0,12.0,6.0,10.0,0.0,52.0,4.5944400000000005,2025-03-27T19:58:59,승
67e5ab9546e77d5e608b98a9,0286fc88128c7aca079e2c6ce9c08c6b,0.0,0.0,0.0,0.0,87.0,1.0,0.0,7.0,7.0,4.0,0.0,0.0,114.0,104.0,89.0,85.0,2.0,1.0,22.0,18.0,8.0,8.0,10.0,1.0,54.0,4.52222,2025-03-27T19:59:00,승
67e5ab9546e77d5e608b98a9,bdb62c49b7fccc16b97c2236b28aaa8b,0.0,0.0,0.0,0.0,69.0,5.0,0.0,11.0,9.0,2.0,0.0,0.0,124.0,108.0,85.0,77.0,8.0,4.0,15.0,14.0,8.0,5.0,10.0,0.0,46.0,3.9166700000000003,2025-03-27T19:59:00,패
67e5ab96094af7722f487783,25cda0b1f0b5b6aacf36616ed1c7f358,0.0,0.0,0.0,0.0,84.0,0.0,2.0,3.0,2.0,1.0,0.0,0.0,132.0,121.0,107.0,100.0,3.0,1.0,17.0,16.0,22.0,11.0,9.0,0.0,50.0,3.46111,2025-03-27T19:59:14,패
67e5ab96094af7722f487783,494a70c6bba52b8b41b674bd36cbd50f,0.0,0.0,0.0,0.0,78.0,1.0,0.0,5.0,3.0,3.0,0.0,0.0,90.0,85.0,66.0,65.0,2.0,1.0,21.0,18.0,3.0,2.0,9.0,0.0,50.0,4.35556,2025-03-27T19:59:14,승
67e5ab962883ca766ff50928,3c56ee987d9c8bcbacb38a72c81be4eb,0.0,0.0,0.0,0.0,74.0,3.0,0.0,10.0,8.0,3.0,0.0,0.0,103.0,94.0,67.0,64.0,8.0,5.0,23.0,22.0,12.0,6.0,7.0,0.0,54.0,4.62222,2025-03-27T19:59:25,승
67e5ab962883ca766ff50928,56bd234abda48b9894e409daa9c1417e,2.0,0.0,0.0,0.0,77.0,1.0,1.0,2.0,2.0,0.0,0.0,0.0,129.0,117.0,84.0,80.0,3.0,1.0,33.0,30.0,9.0,5.0,11.0,0.0,46.0,3.54444,2025-03-27T19:59:25,패
67e5aba3ba35b78b9401262d,2d412f4492abfbcce5710e74f3fd4cae,2.0,0.0,0.0,0.0,52.0,0.0,1.0,4.0,4.0,1.0,0.0,0.0,80.0,65.0,54.0,47.0,2.0,0.0,18.0,15.0,24.0,12.0,6.0,1.0,39.0,4.05,2025-03-27T19:59:03,무
67e5aba3ba35b78b9401262d,3b6b33066fd55ec0dd96b340aa6e1913,0.0,0.0,0.0,0.0,79.0,5.0,2.0,7.0,4.0,1.0,1.0,0.0,115.0,104.0,97.0,93.0,4.0,1.0,10.0,9.0,15.0,11.0,2.0,0.0,61.0,4.13889,2025-03-27T19:59:03,무
67e5aba47505044f477a4bf7,71692df3f8bd512882c0ad2e77b0320f,0.0,0.0,0.0,0.0,62.0,3.0,1.0,6.0,3.0,1.0,1.0,0.0,78.0,70.0,51.0,47.0,7.0,7.0,11.0,9.0,7.0,3.0,9.0,0.0,55.0,3.96111,2025-03-27T19:59:57,무
67e5aba47505044f477a4bf7,be4c71b42ad51e0ea8157e9451668d33,1.0,0.0,0.0,0.0,58.0,0.0,1.0,5.0,2.0,1.0,0.0,0.0,70.0,59.0,39.0,35.0,2.0,0.0,26.0,23.0,14.0,7.0,7.0,2.0,45.0,4.27778,2025-03-27T19:59:57,무
67e5aba97d59f515256e1474,62182b513c02415cb32943d72b748e2a,1.0,0.0,0.0,0.0,73.0,2.0,2.0,6.0,6.0,1.0,0.0,0.0,114.0,101.0,90.0,81.0,3.0,2.0,17.0,15.0,9.0,6.0,9.0,1.0,48.0,3.86667,2025-03-27T19:59:26,패
67e5aba97d59f515256e1474,ed1f8f8c44249452b07ce9ec47c0fe76,1.0,0.0,0.0,0.0,96.0,1.0,0.0,5.0,3.0,2.0,0.0,0.0,134.0,125.0,110.0,104.0,3.0,2.0,19.0,19.0,7.0,6.0,7.0,1.0,52.0,4.31111,2025-03-27T19:59:26,승
67e5aba9f820ba83b461ada3,1af33bec785ee57aafd30a33687879fb,0.0,0.0,0.0,0.0,87.0,0.0,0.0,6.0,3.0,3.0,0.0,0.0,118.0,102.0,92.0,85.0,4.0,3.0,14.0,11.0,8.0,5.0,10.0,1.0,48.0,4.40556,2025-03-27T19:59:06,승
67e5aba9f820ba83b461ada3,2341a429eda04cb0fb04186fb61066a9,1.0,0.0,0.0,0.0,74.0,0.0,1.0,7.0,3.0,2.0,0.0,0.0,106.0,89.0,66.0,61.0,6.0,1.0,24.0,18.0,16.0,8.0,9.0,1.0,52.0,3.96667,2025-03-27T19:59:06,패
67e5abb3078fe68f8675b041,3552ef16dca12307ac29fd41bf79d1ee,0.0,0.0,0.0,0.0,100.0,6.0,0.0,11.0,5.0,2.0,0.0,0.0,166.0,149.0,132.0,125.0,10.0,5.0,22.0,19.0,2.0,1.0,8.0,2.0,60.0,4.24444,2025-03-27T19:59:56,패
67e5abb3078fe68f8675b041,e89f2ac5c96d20ba95d71697a9d3b46e,2.0,0.0,0.0,0.0,45.0,2.0,0.0,10.0,8.0,3.0,0.0,0.0,72.0,56.0,26.0,24.0,4.0,3.0,37.0,28.0,13.0,11.0,16.0,2.0,40.0,4.93889,2025-03-27T19:59:56,승
67e5abb3b2232a7506530346,2a1339e189eff0e66e683fab95a54a27,0.0,0.0,0.0,0.0,101.0,2.0,1.0,4.0,4.0,1.0,0.0,0.0,135.0,121.0,72.0,70.0,6.0,1.0,51.0,45.0,7.0,5.0,7.0,0.0,55.0,3.98333,2025-03-27T19:59:15,패
67e5abb3b2232a7506530346,4e9d2e5a0a84538fec79529f6805ea73,0.0,0.0,0.0,0.0,69.0,1.0,4.0,3.0,3.0,2.0,0.0,0.0,115.0,106.0,87.0,85.0,1.0,0.0,25.0,20.0,12.0,7.0,11.0,1.0,45.0,4.22778,2025-03-27T19:59:15,승
67e5abb4a31a3191e1329645,936706df699f3defa8ae2461340c1bd0,1.0,0.0,0.0,0.0,70.0,3.0,0.0,17.0,10.0,5.0,0.0,0.0,106.0,99.0,74.0,71.0,9.0,7.0,22.0,20.0,8.0,6.0,7.0,1.0,53.0,4.76667,2025-03-27T19:59:39,승
67e5abb4a31a3191e1329645,f7963076c9815064c31975a2fb8a267e,0.0,0.0,0.0,0.0,67.0,1.0,2.0,9.0,6.0,1.0,0.0,0.0,102.0,90.0,59.0,53.0,5.0,4.0,35.0,31.0,3.0,1.0,16.0,2.0,47.0,3.5944400000000005,2025-03-27T19:59:39,패
67e5abcbe8468deaf6fec235,576ee2848ba44a7b0215508aa49c8058,0.0,0.0,0.0,0.0,57.0,5.0,0.0,10.0,10.0,2.0,0.0,0.0,92.0,86.0,70.0,68.0,7.0,6.0,13.0,10.0,7.0,4.0,8.0,0.0,41.0,4.05,2025-03-27T19:59:51,패
67e5abcbe8468deaf6fec235,8d02ebfde90f0a506c8661c50652e746,0.0,0.0,0.0,0.0,89.0,1.0,1.0,8.0,5.0,3.0,0.0,0.0,113.0,108.0,87.0,86.0,3.0,1.0,20.0,20.0,7.0,3.0,4.0,1.0,59.0,4.29444,2025-03-27T19:59:51,승
67e5abd6293b2e29d79b74f4,78bd4904e360e8f15281c765ad9069e1,0.0,0.0,0.0,0.0,99.0,2.0,1.0,8.0,4.0,2.0,0.0,0.0,154.0,144.0,127.0,124.0,4.0,3.0,22.0,16.0,3.0,3.0,11.0,1.0,52.0,4.25556,2025-03-27T19:59:51,무
67e5abd6293b2e29d79b74f4,9d4d64dbc5059a01ccc444e5e689afb3,0.0,0.0,0.0,0.0,80.0,1.0,0.0,6.0,6.0,2.0,0.0,0.0,105.0,94.0,83.0,78.0,2.0,1.0,18.0,15.0,5.0,4.0,17.0,2.0,48.0,4.15,2025-03-27T19:59:51,무
67e7274e28ce8d8166dc246a,d067eb2fc440758f08a05006b2d87c75,0.0,0.0,0.0,0.0,82.0,2.0,0.0,7.0,4.0,1.0,0.0,0.0,119.0,110.0,93.0,90.0,8.0,6.0,17.0,13.0,9.0,8.0,10.0,1.0,52.0,4.25,2025-03-28T22:58:42,승
67e7274e28ce8d8166dc246a,fda929353e539c6f2d614d898398ccaa,0.0,0.0,0.0,0.0,77.0,0.0,1.0,4.0,1.0,0.0,0.0,0.0,110.0,102.0,84.0,79.0,7.0,7.0,11.0,10.0,3.0,3.0,6.0,2.0,48.0,3.82222,2025-03-28T22:58:42,패
67e7274f931f367b82214890,2547b0a40cfca10c7267bfcce202554b,1.0,0.0,0.0,0.0,85.0,3.0,0.0,10.0,10.0,3.0,0.0,0.0,133.0,120.0,98.0,94.0,10.0,5.0,22.0,19.0,5.0,5.0,8.0,1.0,58.0,4.5,2025-03-28T22:59:34,승
67e7274f931f367b82214890,cf529f570ca9709ed8e4b7a61ed5bed3,0.0,0.0,0.0,0.0,52.0,1.0,0.0,5.0,5.0,2.0,0.0,0.0,85.0,70.0,65.0,60.0,2.0,1.0,16.0,8.0,11.0,6.0,7.0,1.0,42.0,3.9555599999999997,2025-03-28T22:59:34,패
67e7274fef834a553998f3ee,2f5d88db7b2142fd7bc6bc37e827b74d,2.0,0.0,0.0,0.0,85.0,0.0,0.0,9.0,5.0,2.0,0.0,0.0,105.0,97.0,86.0,84.0,2.0,0.0,11.0,8.0,18.0,6.0,6.0,1.0,47.0,3.91111,2025-03-28T22:59:34,패
67e7274fef834a553998f3ee,484903bbcb87ce0bf44d3b5a16737611,0.0,0.0,0.0,0.0,75.0,4.0,1.0,10.0,7.0,3.0,0.0,0.0,93.0,85.0,63.0,61.0,6.0,4.0,15.0,12.0,7.0,6.0,13.0,3.0,53.0,4.35,2025-03-28T22:59:34,승
67e7274fffc88e3286daccad,2448910fea950ad6423d61c826db98f9,1.0,0.0,0.0,0.0,71.0,1.0,0.0,11.0,9.0,3.0,0.0,0.0,119.0,106.0,89.0,83.0,1.0,1.0,28.0,22.0,8.0,7.0,8.0,0.0,51.0,4.02778,2025-03-28T22:59:49,패
67e7274fffc88e3286daccad,bea16aa3655a02f97b0b748bc2511b95,0.0,1.0,0.0,0.0,74.0,0.0,0.0,10.0,8.0,5.0,0.0,0.0,97.0,88.0,76.0,69.0,1.0,1.0,19.0,18.0,6.0,3.0,8.0,0.0,49.0,4.51667,2025-03-28T22:59:49,승
67e72750ff93d2aeaf3b84e7,e6a0283d0aea1add1d8a62c246ea7fb3,1.0,0.0,0.0,0.0,65.0,3.0,0.0,8.0,5.0,4.0,0.0,0.0,84.0,70.0,52.0,50.0,9.0,3.0,19.0,15.0,6.0,5.0,11.0,1.0,54.0,4.38889,2025-03-28T22:59:36,승
67e72750ff93d2aeaf3b84e7,e819375bc010d8bb9f9322d486375610,0.0,0.0,0.0,0.0,61.0,2.0,0.0,8.0,8.0,2.0,0.0,0.0,105.0,93.0,74.0,69.0,6.0,3.0,15.0,11.0,10.0,7.0,6.0,1.0,46.0,4.00556,2025-03-28T22:59:36,패
67e72756db7d68fcbf1d8b7a,cabb7af244918c4c6d27bdbf3ea42aff,1.0,0.0,0.0,0.0,94.0,2.0,1.0,7.0,6.0,3.0,0.0,0.0,127.0,122.0,96.0,94.0,4.0,4.0,19.0,17.0,9.0,5.0,9.0,0.0,58.0,4.3,2025-03-28T22:59:56,승
67e72756db7d68fcbf1d8b7a,e29c3f249decb3074ad8f7a1d49c41a7,0.0,0.0,0.0,0.0,62.0,3.0,0.0,7.0,5.0,2.0,0.0,0.0,106.0,100.0,85.0,83.0,3.0,2.0,16.0,13.0,10.0,3.0,12.0,1.0,42.0,3.83333,2025-03-28T22:59:56,패
67e727582c498c797429addb,31aabccf0ad3e6aa6544089ee67d169f,0.0,0.0,0.0,0.0,48.0,0.0,2.0,9.0,6.0,4.0,0.0,0.0,59.0,55.0,35.0,34.0,4.0,3.0,18.0,17.0,19.0,12.0,10.0,0.0,48.0,4.36667,2025-03-28T22:59:37,승
67e727582c498c797429addb,cab5ad246f030eab4b45d0e86f3f04b8,0.0,0.0,0.0,0.0,63.0,5.0,0.0,7.0,5.0,2.0,0.0,0.0,86.0,71.0,61.0,57.0,8.0,1.0,13.0,13.0,4.0,3.0,4.0,1.0,52.0,3.7,2025-03-28T22:59:37,패
67e72759946c0246faeb7151,1a08184a37a5de5c91df03d87ea2444e,2.0,0.0,0.0,1.0,85.0,3.0,0.0,11.0,8.0,4.0,0.0,0.0,117.0,103.0,78.0,70.0,6.0,3.0,30.0,28.0,6.0,3.0,11.0,1.0,58.0,4.61111,2025-03-28T22:59:39,승
67e72759946c0246faeb7151,f449fa62febfe29681dd078057205e5f,0.0,1.0,0.0,0.0,65.0,1.0,0.0,9.0,7.0,1.0,0.0,0.0,78.0,68.0,48.0,45.0,6.0,1.0,23.0,21.0,11.0,4.0,12.0,0.0,42.0,3.5722199999999997,2025-03-28T22:59:39,패
67e72759b4fc4c4e8f6725f5,52b7cc11937b2c2917a0c6ad21f8fbd8,0.0,0.0,0.0,0.0,62.0,2.0,1.0,10.0,7.0,4.0,0.0,0.0,99.0,89.0,62.0,58.0,7.0,5.0,28.0,26.0,19.0,8.0,5.0,0.0,50.0,4.50556,2025-03-28T22:59:58,승
67e72759b4fc4c4e8f6725f5,826ae270c6d8933797bcaf183f9c0431,1.0,0.0,0.0,0.0,57.0,3.0,1.0,4.0,3.0,1.0,0.0,0.0,77.0,63.0,44.0,38.0,10.0,4.0,23.0,21.0,17.0,6.0,5.0,0.0,50.0,3.56667,2025-03-28T22:59:58,패
67e72760bd5419089976f154,03cfe138f87467b99e7e3ef84381846f,0.0,0.0,0.0,0.0,65.0,2.0,0.0,6.0,5.0,3.0,0.0,0.0,130.0,115.0,90.0,86.0,6.0,2.0,31.0,26.0,15.0,6.0,9.0,2.0,50.0,4.03333,2025-03-28T22:59:57,패
67e72760bd5419089976f154,63d0e7bb127a7aaea5fe794eb8af286d,0.0,0.0,0.0,0.0,98.0,1.0,1.0,11.0,9.0,4.0,0.0,0.0,122.0,113.0,90.0,88.0,3.0,1.0,28.0,24.0,12.0,7.0,6.0,0.0,50.0,4.41111,2025-03-28T22:59:57,승
67e727621fad28641b9830e1,7120370fbfcb86b7507c4313fe74226d,0.0,0.0,0.0,0.0,85.0,5.0,1.0,11.0,9.0,4.0,0.0,0.0,123.0,112.0,97.0,94.0,8.0,6.0,11.0,7.0,2.0,1.0,7.0,0.0,53.0,4.26667,2025-03-28T22:59:45,승
67e727621fad28641b9830e1,a1ec5a3b24667b7128abffbdcb02f868,0.0,0.0,0.0,0.0,77.0,0.0,0.0,4.0,4.0,3.0,0.0,0.0,103.0,97.0,85.0,82.0,3.0,2.0,11.0,9.0,7.0,4.0,6.0,0.0,47.0,3.93333,2025-03-28T22:59:45,패
67e7276522d913189f7d1829,d85bce7efb48ad7e7d41fd306adca33d,0.0,1.0,0.0,0.0,91.0,4.0,2.0,13.0,6.0,3.0,0.0,0.0,105.0,90.0,65.0,60.0,7.0,1.0,30.0,27.0,8.0,7.0,8.0,0.0,53.0,4.58889,2025-03-28T22:59:36,승
67e7276522d913189f7d1829,d9d8dfdd2add816ae9b98ddc89634b30,0.0,0.0,0.0,0.0,65.0,0.0,0.0,1.0,0.0,0.0,0.0,0.0,111.0,95.0,92.0,83.0,5.0,1.0,13.0,11.0,5.0,4.0,10.0,3.0,47.0,3.60556,2025-03-28T22:59:36,패
67e7276571be49fea63c07f2,5dc251fafef32774f54630684b523094,1.0,0.0,0.0,0.0,98.0,2.0,1.0,9.0,6.0,2.0,1.0,1.0,167.0,155.0,114.0,109.0,5.0,3.0,37.0,34.0,9.0,7.0,8.0,0.0,63.0,4.42778,2025-03-28T22:59:56,승
67e7276571be49fea63c07f2,610ae5825147a5a7a772431f7f078893,1.0,0.0,0.0,0.0,38.0,3.0,1.0,5.0,4.0,1.0,1.0,1.0,85.0,66.0,41.0,37.0,7.0,3.0,34.0,26.0,21.0,7.0,9.0,1.0,37.0,3.79444,2025-03-28T22:59:56,패
67e72765fd61c0ab51e76e3d,ba156622c96179b11ebeb83d962da4f3,0.0,0.0,0.0,0.0,83.0,0.0,0.0,3.0,3.0,3.0,0.0,0.0,116.0,101.0,67.0,62.0,6.0,5.0,24.0,20.0,19.0,13.0,14.0,1.0,51.0,4.41667,2025-03-28T22:59:29,승
67e72765fd61c0ab51e76e3d,f8fb96f098fb156e21a46f5dc998247c,0.0,0.0,0.0,0.0,89.0,0.0,0.0,5.0,3.0,1.0,0.0,0.0,111.0,102.0,87.0,84.0,1.0,0.0,20.0,16.0,8.0,7.0,6.0,0.0,49.0,3.75556,2025-03-28T22:59:29,패
67e72766ba8a511521c43c66,092109faa506a4c413c6d3043c3faff3,0.0,0.0,0.0,0.0,72.0,0.0,0.0,5.0,5.0,2.0,0.0,0.0,92.0,79.0,56.0,50.0,3.0,3.0,29.0,25.0,10.0,9.0,9.0,0.0,44.0,3.84444,2025-03-28T22:59:26,패
67e72766ba8a511521c43c66,e3560f4e1dbdf769e0f21f433b7455c4,0.0,0.0,0.0,0.0,93.0,1.0,1.0,6.0,5.0,4.0,0.0,0.0,118.0,109.0,76.0,71.0,1.0,0.0,41.0,38.0,3.0,3.0,5.0,0.0,56.0,4.41667,2025-03-28T22:59:26,승
67e7276a497046b7587406ff,097e77dda5b9e7af09c725cce373119c,1.0,0.0,0.0,0.0,63.0,0.0,1.0,9.0,6.0,6.0,0.0,0.0,93.0,85.0,65.0,61.0,8.0,5.0,18.0,18.0,5.0,3.0,8.0,1.0,45.0,4.70556,2025-03-28T22:59:54,승
67e7276a497046b7587406ff,a28ff1550994b09da78d65dfa59e108b,0.0,0.0,0.0,0.0,70.0,1.0,0.0,5.0,4.0,1.0,0.0,0.0,140.0,128.0,107.0,101.0,7.0,3.0,24.0,23.0,7.0,3.0,7.0,0.0,55.0,3.46111,2025-03-28T22:59:54,패
67e7276aff93d27f443b8552,ae4a273d0bc541592ef9a0630591ad54,0.0,0.0,0.0,0.0,112.0,0.0,0.0,6.0,6.0,3.0,0.0,0.0,133.0,125.0,113.0,110.0,2.0,1.0,14.0,12.0,11.0,7.0,7.0,1.0,56.0,4.25556,2025-03-28T22:59:38,승
67e7276aff93d27f443b8552,d6729afd82234f0b5ec2380c7765a583,0.0,0.0,0.0,0.0,66.0,0.0,0.0,6.0,2.0,2.0,0.0,0.0,105.0,98.0,101.0,97.0,0.0,0.0,3.0,1.0,7.0,5.0,7.0,0.0,44.0,3.73889,2025-03-28T22:59:38,패
67e72772d39f4951162b9a8d,8912a83020d67bd48f1bbe9c966396d0,1.0,0.0,0.0,0.0,91.0,4.0,0.0,5.0,3.0,1.0,0.0,0.0,137.0,124.0,112.0,109.0,13.0,4.0,10.0,9.0,11.0,9.0,6.0,0.0,59.0,4.31667,2025-03-28T22:59:24,승
67e72772d39f4951162b9a8d,dd1b456de36fcd4c76e6588720e9d16f,2.0,0.0,0.0,0.0,61.0,1.0,0.0,4.0,2.0,0.0,0.0,0.0,100.0,88.0,78.0,72.0,1.0,0.0,18.0,16.0,5.0,4.0,12.0,1.0,41.0,3.92222,2025-03-28T22:59:24,패
67e72773f01580cb2a999db3,94c80fa4897561ddd67730898aa7f3fa,1.0,0.0,0.0,0.0,71.0,4.0,0.0,11.0,9.0,3.0,0.0,0.0,105.0,95.0,81.0,77.0,7.0,2.0,15.0,14.0,9.0,5.0,7.0,2.0,49.0,4.26667,2025-03-28T22:59:47,승
67e72773f01580cb2a999db3,ba7aebb6c1ab1411d0c4ae88bc3a6cf9,2.0,0.0,0.0,1.0,71.0,1.0,0.0,8.0,5.0,2.0,0.0,0.0,88.0,80.0,64.0,61.0,8.0,4.0,14.0,14.0,9.0,2.0,10.0,1.0,51.0,4.05,2025-03-28T22:59:47,패
67e72777c610640e49739c86,c77b737d8024065326a6b112b165bbe8,1.0,0.0,0.0,0.0,76.0,1.0,1.0,4.0,3.0,1.0,0.0,0.0,108.0,94.0,75.0,70.0,4.0,1.0,18.0,16.0,11.0,7.0,8.0,0.0,52.0,4.30556,2025-03-28T22:59:42,승
67e72777c610640e49739c86,ce94059b3f415ecfe1c854237556045d,1.0,0.0,0.0,0.0,70.0,5.0,1.0,6.0,4.0,0.0,0.0,0.0,83.0,69.0,60.0,55.0,7.0,4.0,4.0,3.0,7.0,2.0,12.0,1.0,48.0,3.75,2025-03-28T22:59:42,패
67e72777cef4fc15f1a11f24,9d17a2a674a34e23085d2c4f97634d25,0.0,0.0,0.0,0.0,72.0,2.0,4.0,6.0,6.0,2.0,0.0,0.0,119.0,103.0,93.0,86.0,3.0,1.0,20.0,15.0,6.0,5.0,14.0,1.0,53.0,4.2,2025-03-28T22:59:56,무
67e72777cef4fc15f1a11f24,c79e8c2d4851b00f1caf05530ea80fd5,0.0,0.0,0.0,0.0,64.0,4.0,0.0,10.0,6.0,2.0,0.0,0.0,87.0,72.0,41.0,38.0,8.0,1.0,38.0,33.0,15.0,10.0,11.0,1.0,47.0,4.19444,2025-03-28T22:59:56,무
67e727819ae62bfbed3c9618,3a878ea1f97b66e3624e3fe83cce03bb,0.0,0.0,0.0,0.0,78.0,1.0,1.0,6.0,5.0,0.0,0.0,0.0,120.0,105.0,65.0,61.0,5.0,1.0,48.0,43.0,10.0,5.0,9.0,2.0,49.0,3.73889,2025-03-28T22:59:26,패
67e727819ae62bfbed3c9618,8ca81055559c0fcbfc2f385dee15655c,1.0,0.0,0.0,0.0,62.0,1.0,0.0,5.0,2.0,2.0,0.0,0.0,78.0,71.0,52.0,51.0,6.0,4.0,9.0,7.0,15.0,8.0,5.0,0.0,51.0,4.51667,2025-03-28T22:59:26,승
67e72785ffd24bae2198c901,1ffa394058cd1de2f1fc483d709be90f,0.0,0.0,0.0,0.0,89.0,2.0,0.0,8.0,5.0,2.0,0.0,0.0,128.0,117.0,116.0,109.0,3.0,0.0,9.0,8.0,26.0,11.0,7.0,1.0,62.0,4.34444,2025-03-28T22:59:54,승
67e72785ffd24bae2198c901,4c0da03b0ca6d573e31e782ea58f92b1,1.0,0.0,0.0,0.0,80.0,2.0,0.0,7.0,6.0,1.0,0.0,0.0,90.0,77.0,58.0,54.0,3.0,2.0,26.0,21.0,15.0,8.0,10.0,1.0,38.0,3.90556,2025-03-28T22:59:54,패
67eb0d763f458757559f0e30,028728c875e67d3cec2a573fd0b700d5,0.0,0.0,0.0,0.0,90.0,2.0,1.0,11.0,8.0,3.0,0.0,0.0,131.0,111.0,103.0,92.0,5.0,3.0,20.0,15.0,7.0,4.0,7.0,1.0,51.0,4.36111,2025-03-31T21:58:55,승
67eb0d763f458757559f0e30,3aa7a290f5a62949bd83fe4bda046b07,1.0,0.0,0.0,0.0,59.0,3.0,0.0,9.0,2.0,2.0,0.0,0.0,79.0,57.0,25.0,21.0,8.0,3.0,40.0,28.0,11.0,7.0,12.0,0.0,49.0,3.9944399999999995,2025-03-31T21:58:55,패
67eb0d774a7c022ecd6ae0e7,97e198b961d3bb6d2b90f2900bf68279,1.0,0.0,0.0,0.0,65.0,6.0,0.0,5.0,4.0,2.0,0.0,0.0,94.0,79.0,63.0,58.0,11.0,5.0,17.0,16.0,10.0,4.0,9.0,2.0,44.0,3.87778,2025-03-31T21:58:43,패
67eb0d774a7c022ecd6ae0e7,b663312c82290f9bdd352c9ec36588fd,1.0,0.0,0.0,0.0,71.0,3.0,0.0,10.0,7.0,3.0,0.0,0.0,89.0,81.0,62.0,59.0,7.0,3.0,14.0,13.0,8.0,5.0,6.0,0.0,56.0,4.25556,2025-03-31T21:58:43,승
67eb0d79d454b4036c8994ce,3b5c290d7615ea7c9c6ded787c0bcb3e,1.0,0.0,0.0,0.0,41.0,1.0,1.0,5.0,2.0,0.0,0.0,0.0,78.0,58.0,43.0,40.0,6.0,2.0,15.0,8.0,8.0,6.0,11.0,0.0,43.0,3.75,2025-03-31T21:57:48,패
67eb0d79d454b4036c8994ce,de507e108de8047aa535c85590ef8d41,0.0,0.0,0.0,0.0,80.0,2.0,1.0,11.0,6.0,1.0,1.0,1.0,151.0,141.0,130.0,127.0,9.0,5.0,11.0,9.0,8.0,7.0,6.0,0.0,57.0,4.42222,2025-03-31T21:57:48,승
67eb0d7a83957a1a6ddb2c1b,21c2f527bf16ed257b157ef09914e82f,2.0,0.0,0.0,0.0,74.0,4.0,0.0,9.0,8.0,2.0,0.0,0.0,102.0,96.0,73.0,70.0,7.0,5.0,21.0,20.0,23.0,11.0,5.0,0.0,54.0,4.13333,2025-03-31T21:58:09,승
67eb0d7a83957a1a6ddb2c1b,da6c053ce44675af7eafe3ad7bbee371,1.0,0.0,0.0,0.0,59.0,0.0,2.0,1.0,1.0,1.0,0.0,0.0,76.0,72.0,69.0,65.0,0.0,0.0,5.0,5.0,18.0,9.0,8.0,0.0,46.0,3.74444,2025-03-31T21:58:09,패
67eb0d7bdb48b0a1040bc7dd,c2769a014ad90ebaa35fb6ab4eb254bb,0.0,0.0,0.0,0.0,73.0,0.0,0.0,3.0,1.0,1.0,0.0,0.0,128.0,113.0,97.0,92.0,6.0,3.0,20.0,15.0,9.0,4.0,11.0,1.0,50.0,3.86111,2025-03-31T21:57:38,패
67eb0d7bdb48b0a1040bc7dd,e82bcf28c9bc2efc453c4303e1b62ad3,0.0,0.0,0.0,0.0,70.0,1.0,0.0,8.0,6.0,3.0,0.0,0.0,105.0,94.0,75.0,69.0,6.0,2.0,15.0,15.0,12.0,6.0,8.0,0.0,50.0,4.41111,2025-03-31T21:57:38,승
67eb0d86e106acb0a68dc601,327b23e654ceb5d807607a8ad55ea86f,2.0,0.0,0.0,1.0,45.0,4.0,1.0,10.0,6.0,3.0,0.0,0.0,42.0,26.0,11.0,8.0,21.0,9.0,8.0,7.0,18.0,11.0,9.0,0.0,52.0,4.43889,2025-03-31T21:58:47,승
67eb0d87a17edecf5daa42e6,b7c894f904c3e2ad8750e36beb003592,0.0,0.0,0.0,0.0,72.0,0.0,1.0,2.0,1.0,1.0,0.0,0.0,89.0,82.0,67.0,65.0,1.0,0.0,17.0,15.0,5.0,4.0,12.0,1.0,53.0,4.18889,2025-03-31T21:57:45,승
67eb0d87a17edecf5daa42e6,d6baec4895a1650b111af5cebd264bf3,0.0,1.0,0.0,0.0,84.0,5.0,3.0,7.0,6.0,0.0,0.0,0.0,104.0,96.0,76.0,73.0,6.0,2.0,18.0,18.0,9.0,5.0,2.0,0.0,47.0,3.87778,2025-03-31T21:57:45,패
67eb0d87ccd53e391950f929,0dc0c31dfd1ef7a0cdefd69214f7b642,1.0,0.0,0.0,0.0,63.0,6.0,0.0,14.0,11.0,3.0,0.0,0.0,92.0,79.0,54.0,49.0,18.0,11.0,14.0,13.0,9.0,5.0,17.0,2.0,47.0,4.28889,2025-03-31T21:59:16,승
67eb0d87ccd53e391950f929,1a9544e9ef3cb70f705ee9e0d7449d3d,2.0,0.0,0.0,0.0,70.0,1.0,1.0,10.0,7.0,2.0,0.0,0.0,93.0,88.0,79.0,75.0,1.0,0.0,4.0,4.0,14.0,7.0,10.0,0.0,53.0,4.00556,2025-03-31T21:59:16,패
67eb0d8899286192ec088f01,2106e16db01537f80e0c71ac6e8b7062,2.0,0.0,0.0,0.0,60.0,1.0,0.0,5.0,2.0,1.0,0.0,0.0,79.0,72.0,61.0,58.0,6.0,3.0,11.0,11.0,14.0,5.0,15.0,0.0,46.0,3.93333,2025-03-31T21:58:15,무
67eb0d8899286192ec088f01,6776342496099426b69bba5e4e3e20c3,1.0,0.0,0.0,0.0,79.0,0.0,1.0,3.0,2.0,1.0,0.0,0.0,105.0,94.0,73.0,69.0,0.0,0.0,31.0,25.0,7.0,5.0,2.0,0.0,54.0,4.02222,2025-03-31T21:58:15,무
67eb0d89b10c644e2f647247,9c9312b2bfebf2cb09a691de06ee3cc2,0.0,0.0,0.0,0.0,65.0,0.0,2.0,6.0,6.0,3.0,1.0,0.0,89.0,80.0,58.0,54.0,4.0,1.0,21.0,19.0,5.0,3.0,7.0,1.0,43.0,4.01111,2025-03-31T21:58:22,무
67eb0d89b10c644e2f647247,c82f40d53b72872b781d6fdbbeabe655,1.0,0.0,0.0,0.0,80.0,1.0,0.0,10.0,9.0,3.0,0.0,0.0,110.0,99.0,85.0,82.0,6.0,1.0,16.0,15.0,7.0,2.0,10.0,0.0,57.0,4.14444,2025-03-31T21:58:22,무
67eb0d92f343f0d08a700e0e,1603da16779746da315896a5cab1b7ab,0.0,0.0,0.0,0.0,69.0,1.0,2.0,1.0,1.0,0.0,0.0,0.0,98.0,84.0,66.0,63.0,6.0,2.0,24.0,19.0,7.0,4.0,7.0,1.0,47.0,4.08333,2025-03-31T21:57:53,무
67eb0d92f343f0d08a700e0e,1a9d59d5efdddae1741c5f0753e7a360,1.0,0.0,0.0,0.0,67.0,3.0,1.0,6.0,2.0,0.0,0.0,0.0,114.0,105.0,96.0,92.0,7.0,4.0,7.0,7.0,13.0,6.0,3.0,0.0,53.0,4.05,2025-03-31T21:57:53,무
67eb0d93568548637ba296a6,0ad92d576d7c2d2fbbe69c9625e97fb7,1.0,0.0,0.0,0.0,58.0,5.0,0.0,9.0,8.0,2.0,0.0,0.0,117.0,104.0,95.0,90.0,7.0,3.0,14.0,11.0,11.0,7.0,3.0,0.0,49.0,4.17222,2025-03-31T21:58:49,패
67eb0d93568548637ba296a6,883f8ef541e8d5e94fe8367fe1a72dd4,0.0,0.0,0.0,0.0,66.0,6.0,0.0,8.0,4.0,3.0,0.0,0.0,98.0,85.0,62.0,60.0,14.0,7.0,12.0,12.0,8.0,4.0,14.0,1.0,51.0,4.31667,2025-03-31T21:58:49,승
67eb0d94202a76d60f835815,3f937c0c02280db48f222a3c04c2dc4e,1.0,0.0,0.0,0.0,64.0,0.0,3.0,7.0,6.0,4.0,0.0,0.0,122.0,107.0,87.0,81.0,5.0,2.0,29.0,24.0,10.0,6.0,13.0,0.0,50.0,4.17778,2025-03-31T21:59:55,무
67eb0d94202a76d60f835815,d0fdb4d6734dcd75ca98f5bb71b982b6,1.0,0.0,0.0,1.0,73.0,2.0,0.0,11.0,8.0,4.0,0.0,0.0,124.0,116.0,69.0,66.0,3.0,3.0,42.0,40.0,13.0,7.0,9.0,0.0,50.0,5.37778,2025-03-31T21:59:55,무
67eb0d94835205801af1bf7d,5ff5a0e98a5c5abf4c5db8ccd0c3cd65,0.0,0.0,0.0,0.0,77.0,1.0,0.0,6.0,5.0,3.0,0.0,0.0,113.0,98.0,78.0,74.0,6.0,3.0,23.0,18.0,3.0,3.0,7.0,2.0,50.0,4.36111,2025-03-31T21:58:38,승
67eb0d94835205801af1bf7d,96b7ed5972acb73dd697490b15a8976d,1.0,0.0,0.0,0.0,68.0,1.0,2.0,9.0,6.0,2.0,0.0,0.0,96.0,82.0,78.0,71.0,3.0,1.0,12.0,8.0,12.0,5.0,8.0,0.0,50.0,3.8888900000000004,2025-03-31T21:58:38,패
67eb0d94aa8b9438fc8203cf,4118f76d823c41fd8fdfabe4405daccf,1.0,2.0,0.0,0.0,72.0,0.0,1.0,4.0,4.0,4.0,1.0,1.0,102.0,97.0,74.0,71.0,1.0,1.0,24.0,22.0,13.0,7.0,8.0,1.0,52.0,4.12222,2025-03-31T21:59:20,승
67eb0d94aa8b9438fc8203cf,d83945a53a9ef14a58d2011115918486,1.0,0.0,0.0,0.0,84.0,1.0,0.0,9.0,5.0,3.0,0.0,0.0,106.0,92.0,80.0,73.0,2.0,2.0,21.0,17.0,21.0,13.0,10.0,0.0,48.0,4.03333,2025-03-31T21:59:20,패
67eb0d9d78da46809bd442e4,6fdf7530a51e68258886c60d624dde11,1.0,0.0,0.0,0.0,66.0,2.0,0.0,9.0,7.0,4.0,0.0,0.0,82.0,75.0,60.0,56.0,6.0,4.0,13.0,12.0,13.0,6.0,7.0,0.0,49.0,4.5,2025-03-31T21:59:00,승
67eb0d9d78da46809bd442e4,a9e1333f834e8565af8a1f9286e9f493,0.0,0.0,0.0,0.0,62.0,2.0,0.0,11.0,4.0,1.0,1.0,0.0,73.0,66.0,59.0,56.0,6.0,4.0,7.0,5.0,4.0,2.0,8.0,1.0,51.0,3.52778,2025-03-31T21:59:00,패
67eb0d9e2780b3d021126d9b,1a0da4c58d8e0b2a417480c46f1e0852,1.0,0.0,0.0,0.0,48.0,0.0,0.0,2.0,1.0,1.0,0.0,0.0,78.0,63.0,59.0,50.0,1.0,1.0,15.0,12.0,24.0,12.0,9.0,1.0,44.0,3.7,2025-03-31T21:58:53,패
67eb0d9e2780b3d021126d9b,6d8c3d19b45ec71dd5de187058c3b998,1.0,0.0,0.0,0.0,65.0,4.0,1.0,10.0,7.0,3.0,0.0,0.0,58.0,45.0,26.0,22.0,5.0,2.0,24.0,21.0,9.0,9.0,4.0,0.0,56.0,4.32222,2025-03-31T21:58:53,승
67eb0d9e321072b21361f625,5ff7482af86c77333eda9f6f966f0ecd,2.0,1.0,0.0,0.0,65.0,3.0,0.0,6.0,5.0,1.0,1.0,0.0,105.0,95.0,91.0,85.0,5.0,1.0,7.0,7.0,12.0,8.0,8.0,0.0,49.0,3.81667,2025-03-31T21:59:48,패
67eb0d9e321072b21361f625,b2752f81a7616a931916cc309c3e2457,3.0,0.0,0.0,0.0,67.0,3.0,0.0,8.0,6.0,3.0,0.0,0.0,112.0,96.0,79.0,74.0,10.0,5.0,19.0,17.0,6.0,4.0,8.0,1.0,51.0,4.30556,2025-03-31T21:59:48,승
67eb0d9f91974ab288971a20,4a03fab7d5463236e6e9c84a9e027eb9,0.0,0.0,0.0,0.0,78.0,1.0,0.0,8.0,6.0,4.0,0.0,0.0,119.0,111.0,87.0,85.0,6.0,5.0,24.0,21.0,2.0,2.0,15.0,2.0,51.0,4.38889,2025-03-31T21:59:23,승
67eb0d9f91974ab288971a20,e5996db677456893e24417a7eda0d473,0.0,0.0,0.0,0.0,61.0,5.0,2.0,10.0,5.0,3.0,0.0,0.0,92.0,78.0,72.0,67.0,4.0,1.0,13.0,7.0,19.0,7.0,5.0,0.0,49.0,3.89444,2025-03-31T21:59:23,패
67eb0d9fb291f96420093407,0dcf36639c4d429a24210a6ee07f24c2,1.0,0.0,0.0,0.0,77.0,1.0,0.0,10.0,5.0,4.0,0.0,0.0,100.0,89.0,55.0,50.0,4.0,2.0,27.0,23.0,11.0,5.0,5.0,0.0,57.0,4.45556,2025-03-31T21:58:43,승
67eb0d9fb291f96420093407,413bc21698384ddde9da6c9225211e13,0.0,0.0,0.0,0.0,69.0,0.0,1.0,3.0,3.0,2.0,0.0,0.0,98.0,84.0,77.0,69.0,5.0,3.0,12.0,10.0,9.0,3.0,10.0,1.0,43.0,3.76111,2025-03-31T21:58:43,패
67eb0da50f8902f6775eccd6,134e0cd1565d600dd3d3d041180e5c4a,1.0,0.0,0.0,0.0,53.0,3.0,0.0,9.0,5.0,0.0,0.0,0.0,86.0,74.0,47.0,44.0,10.0,6.0,29.0,24.0,21.0,13.0,10.0,1.0,51.0,3.60556,2025-03-31T21:59:08,패
67eb0da50f8902f6775eccd6,e39a14f08873678717a4ae9b137e15a9,1.0,0.0,0.0,0.0,57.0,3.0,1.0,12.0,6.0,2.0,0.0,0.0,63.0,55.0,26.0,24.0,5.0,5.0,30.0,24.0,10.0,7.0,9.0,2.0,49.0,4.33333,2025-03-31T21:59:08,승
67eb0da7c2bf19480c0490fc,0e94d8b0f404f559fff92c04579733ac,0.0,0.0,0.0,0.0,70.0,2.0,0.0,3.0,3.0,1.0,0.0,0.0,113.0,106.0,76.0,74.0,3.0,1.0,34.0,31.0,6.0,3.0,9.0,1.0,44.0,3.6,2025-03-31T21:59:19,패
67eb0da7c2bf19480c0490fc,dc05af90080aaea9e18cde8965c7dcb7,0.0,1.0,0.0,0.0,85.0,4.0,3.0,13.0,9.0,7.0,0.0,0.0,104.0,96.0,63.0,62.0,12.0,9.0,17.0,15.0,6.0,5.0,1.0,0.0,56.0,5.02778,2025-03-31T21:59:19,승
67eb0dad37827f45338ae25b,597f5dbd27f43606ba4ed7586c4bfc51,1.0,0.0,0.0,1.0,65.0,4.0,0.0,11.0,10.0,3.0,0.0,0.0,92.0,76.0,50.0,45.0,7.0,3.0,27.0,24.0,22.0,10.0,7.0,0.0,50.0,4.35,2025-03-31T21:59:46,승
67eb0dad37827f45338ae25b,8bc3a6f5a0455357fd13c13d41b7c1ad,1.0,0.0,0.0,0.0,74.0,0.0,0.0,2.0,2.0,2.0,0.0,0.0,106.0,92.0,83.0,76.0,2.0,1.0,15.0,10.0,18.0,4.0,13.0,0.0,50.0,3.95556,2025-03-31T21:59:46,패
67eb0daeb9348f45c325897a,0d28e78a8bc270913059cb2201a0b6f2,0.0,0.0,0.0,0.0,82.0,1.0,0.0,7.0,6.0,4.0,0.0,0.0,105.0,89.0,59.0,57.0,3.0,1.0,39.0,28.0,9.0,7.0,9.0,1.0,53.0,4.18333,2025-03-31T21:58:59,무
67eb0daeb9348f45c325897a,d0ab9abfbefbd6b4faef4fe4eb362c89,0.0,0.0,0.0,0.0,71.0,4.0,0.0,10.0,9.0,4.0,0.0,0.0,123.0,112.0,94.0,86.0,5.0,4.0,21.0,20.0,4.0,3.0,8.0,0.0,47.0,4.31111,2025-03-31T21:58:59,무
67eb0db5bf745bc01d08d5bc,5fc714183d6c6667e015dca28ab9ac6d,0.0,1.0,0.0,0.0,98.0,2.0,1.0,11.0,7.0,1.0,0.0,0.0,138.0,126.0,102.0,98.0,5.0,3.0,29.0,25.0,6.0,4.0,9.0,0.0,57.0,4.22778,2025-03-31T21:58:37,무
67eb0db5bf745bc01d08d5bc,9e940d325ef91c2bdf24af83afe6e5e6,0.0,0.0,0.0,0.0,61.0,0.0,0.0,3.0,1.0,1.0,0.0,0.0,82.0,66.0,58.0,55.0,6.0,2.0,13.0,8.0,12.0,7.0,8.0,1.0,43.0,3.95556,2025-03-31T21:58:37,무
67eb0db6e88cf13bf3a9ce60,04cb07f63919567c1ca73fb712ddb986,1.0,1.0,0.0,0.0,96.0,2.0,1.0,14.0,8.0,6.0,0.0,0.0,113.0,110.0,95.0,94.0,1.0,0.0,15.0,14.0,12.0,9.0,8.0,0.0,58.0,4.5,2025-03-31T21:59:56,승
67eb0db6e88cf13bf3a9ce60,92d5b7ed8e729ab43b2ad397dd8b1f4d,1.0,0.0,0.0,0.0,82.0,0.0,1.0,7.0,5.0,5.0,0.0,0.0,133.0,120.0,100.0,93.0,2.0,2.0,25.0,22.0,13.0,7.0,18.0,4.0,42.0,4.23333,2025-03-31T21:59:56,패
67eb0db752d22945614ac53e,3b1aa2e516723a6a6f0e93e917893255,3.0,0.0,0.0,0.0,74.0,0.0,1.0,5.0,5.0,5.0,0.0,0.0,81.0,73.0,59.0,56.0,1.0,0.0,20.0,17.0,11.0,8.0,12.0,1.0,43.0,4.32778,2025-03-31T21:59:40,승
67eb0db752d22945614ac53e,627daf496eafa4ed91b7dc81f3d8f236,0.0,0.0,0.0,0.0,93.0,3.0,0.0,6.0,6.0,3.0,0.0,0.0,129.0,120.0,98.0,96.0,5.0,1.0,21.0,18.0,9.0,4.0,4.0,0.0,57.0,3.9,2025-03-31T21:59:40,패
67eb0dba8255da8d59a6aebe,c140b00e203ad2e508037151ec1036ef,1.0,0.0,0.0,0.0,100.0,5.0,0.0,11.0,9.0,2.0,0.0,0.0,152.0,144.0,112.0,110.0,11.0,6.0,26.0,25.0,8.0,4.0,9.0,0.0,63.0,4.6,2025-03-31T21:58:40,승
67eb0dba8255da8d59a6aebe,ec47d5513ad3b0f5344e30510ae0388b,0.0,0.0,0.0,0.0,52.0,0.0,1.0,2.0,1.0,0.0,0.0,0.0,71.0,59.0,55.0,48.0,5.0,2.0,10.0,9.0,8.0,3.0,15.0,1.0,37.0,3.32778,2025-03-31T21:58:40,패
67eb0dc1db6c56d6550b1906,1a17fa4d72c853530976a2070bb91d95,0.0,0.0,0.0,0.0,99.0,1.0,2.0,6.0,5.0,2.0,0.0,0.0,128.0,121.0,89.0,89.0,7.0,2.0,29.0,27.0,2.0,2.0,9.0,0.0,59.0,4.1,2025-03-31T21:59:15,무
67eb0dc1db6c56d6550b1906,86e57ce652abffe2ee8bc0fce3be7e1b,0.0,0.0,0.0,0.0,58.0,1.0,0.0,4.0,3.0,2.0,0.0,0.0,85.0,74.0,69.0,62.0,1.0,0.0,15.0,12.0,3.0,1.0,10.0,1.0,41.0,3.86111,2025-03-31T21:59:15,무
67eb0dccca72b31a7a5d8566,739eaf7bc390a25d2948810918c9fb58,0.0,0.0,0.0,0.0,76.0,3.0,0.0,14.0,11.0,3.0,0.0,0.0,96.0,83.0,56.0,53.0,8.0,3.0,30.0,27.0,7.0,4.0,10.0,0.0,50.0,4.62222,2025-03-31T21:59:36,승
67eb0dccca72b31a7a5d8566,9f3939af0f892708e58666f573f3e672,1.0,0.0,0.0,0.0,59.0,2.0,0.0,9.0,4.0,0.0,0.0,0.0,86.0,70.0,47.0,40.0,5.0,1.0,31.0,27.0,20.0,11.0,12.0,1.0,50.0,3.5833300000000006,2025-03-31T21:59:36,패
67eb0dd0bd9a92c8ca6b8f0c,620ce84256a0bae2b05f3c991234f05a,1.0,0.0,0.0,0.0,49.0,2.0,0.0,10.0,10.0,5.0,0.0,0.0,90.0,73.0,36.0,32.0,9.0,5.0,44.0,36.0,11.0,5.0,15.0,2.0,42.0,4.64444,2025-03-31T21:59:51,승
67eb0dd0bd9a92c8ca6b8f0c,f33ae23cb03af0cece262a11c2ad6253,4.0,0.0,0.0,1.0,88.0,2.0,1.0,11.0,7.0,2.0,0.0,0.0,142.0,124.0,95.0,85.0,1.0,1.0,38.0,34.0,12.0,3.0,6.0,0.0,58.0,3.9888899999999996,2025-03-31T21:59:51,패
67eb0dd23382cce062c03723,2fa250422f04545c26652d5363f7a926,0.0,0.0,0.0,0.0,60.0,0.0,2.0,2.0,0.0,0.0,0.0,0.0,108.0,95.0,93.0,83.0,0.0,0.0,12.0,9.0,5.0,4.0,12.0,0.0,47.0,3.41667,2025-03-31T21:59:26,패
67eb0dd23382cce062c03723,caf7a813237808680941e268329c17ce,0.0,0.0,0.0,0.0,82.0,1.0,1.0,5.0,4.0,3.0,0.0,0.0,117.0,104.0,57.0,54.0,8.0,5.0,42.0,36.0,11.0,4.0,9.0,1.0,53.0,4.57222,2025-03-31T21:59:26,승
67eb0dd26ebf4f0919533b7c,2fa44e716e8426c7d5408e873114cb49,1.0,0.0,0.0,0.0,54.0,2.0,0.0,9.0,5.0,2.0,0.0,0.0,66.0,51.0,38.0,32.0,5.0,3.0,19.0,13.0,16.0,9.0,9.0,0.0,44.0,4.06667,2025-03-31T21:59:43,승
67eb0dd26ebf4f0919533b7c,833eca94ee36b5944d3fe964e58ae495,1.0,1.0,0.0,0.0,81.0,0.0,0.0,5.0,4.0,2.0,0.0,0.0,98.0,80.0,28.0,24.0,4.0,2.0,60.0,51.0,15.0,7.0,5.0,0.0,56.0,4.07778,2025-03-31T21:59:43,패
67eb0dd29b6aae6d75ea8129,72ba44ca417f90eee598d54b1aa555ae,0.0,0.0,0.0,0.0,81.0,2.0,0.0,5.0,5.0,1.0,0.0,0.0,88.0,81.0,62.0,61.0,4.0,1.0,16.0,14.0,13.0,9.0,11.0,2.0,47.0,3.88333,2025-03-31T21:59:17,패
67eb0dd29b6aae6d75ea8129,c922a7dda939479c60ddc1c32b392b65,0.0,0.0,0.0,0.0,71.0,0.0,1.0,5.0,5.0,2.0,0.0,0.0,100.0,87.0,64.0,58.0,3.0,1.0,27.0,23.0,13.0,8.0,12.0,3.0,53.0,4.33333,2025-03-31T21:59:17,승
67eb0de8c5191e756e6d3836,431d1b91a4b4f9c0f1abf2954d62b79c,2.0,0.0,0.0,0.0,78.0,1.0,1.0,5.0,4.0,1.0,0.0,0.0,131.0,120.0,87.0,85.0,1.0,1.0,40.0,34.0,11.0,9.0,10.0,0.0,51.0,3.72222,2025-03-31T21:59:54,패
67eb0de8c5191e756e6d3836,9299cced5731f4c8981599296d5af6e1,1.0,1.0,0.0,1.0,66.0,0.0,0.0,5.0,4.0,4.0,0.0,0.0,113.0,100.0,82.0,75.0,2.0,1.0,22.0,20.0,16.0,9.0,6.0,0.0,49.0,4.89444,2025-03-31T21:59:54,승
67eb463a7946e71c7cd0727f,1e832534729746d6fc05688c9e3a6fc4,0.0,0.0,0.0,0.0,68.0,0.0,1.0,1.0,1.0,1.0,0.0,0.0,104.0,90.0,78.0,71.0,4.0,0.0,16.0,13.0,18.0,12.0,3.0,0.0,42.0,3.88889,2025-04-01T01:59:54,패
67eb463a7946e71c7cd0727f,dfd3a3f0a533149acc5b1af347dbee4a,0.0,0.0,0.0,0.0,107.0,2.0,0.0,4.0,3.0,2.0,0.0,0.0,166.0,153.0,98.0,97.0,4.0,1.0,61.0,55.0,8.0,5.0,5.0,0.0,58.0,4.33889,2025-04-01T01:59:54,승
67eb463d515ce6a42f76cb48,12d73e135a2d58316a9681036234719e,1.0,0.0,0.0,0.0,83.0,2.0,0.0,9.0,6.0,2.0,0.0,0.0,113.0,101.0,90.0,86.0,3.0,0.0,18.0,15.0,12.0,7.0,7.0,0.0,51.0,4.09444,2025-04-01T01:59:48,무
67eb463d515ce6a42f76cb48,4056888a3a0749a8b8104c57ce7089ab,1.0,0.0,0.0,0.0,69.0,0.0,1.0,3.0,2.0,2.0,0.0,0.0,115.0,96.0,93.0,81.0,4.0,1.0,15.0,13.0,13.0,7.0,6.0,1.0,49.0,4.02778,2025-04-01T01:59:48,무
67eb464c50118157b5486422,866c2809515ee751ca4ec43c7a0cafb1,0.0,0.0,0.0,0.0,86.0,0.0,0.0,1.0,1.0,0.0,0.0,0.0,113.0,99.0,87.0,80.0,1.0,1.0,19.0,16.0,12.0,6.0,6.0,0.0,52.0,3.83333,2025-04-01T01:59:47,패
67eb464c50118157b5486422,bcb7433198cc326df5f505c7d115f273,1.0,0.0,0.0,0.0,83.0,0.0,0.0,1.0,1.0,1.0,0.0,0.0,123.0,109.0,82.0,75.0,1.0,1.0,38.0,33.0,21.0,10.0,6.0,0.0,48.0,4.21111,2025-04-01T01:59:47,승
67ec5f00d3b085d94aec84df,856e62de2d0aa35aa81b95838f118a83,1.0,0.0,0.0,0.0,67.0,4.0,0.0,8.0,8.0,2.0,0.0,0.0,106.0,88.0,62.0,57.0,7.0,3.0,34.0,27.0,19.0,15.0,11.0,0.0,47.0,4.23333,2025-04-01T21:57:59,무
67ec5f00d3b085d94aec84df,d7c4e6f27f3f1957a013d034e94defac,0.0,0.0,0.0,0.0,72.0,0.0,0.0,6.0,3.0,2.0,0.0,0.0,123.0,110.0,82.0,77.0,2.0,2.0,27.0,24.0,14.0,8.0,4.0,0.0,53.0,4.26111,2025-04-01T21:57:59,무
67ec5f05bbc7685cf7bc84ca,5dae76257c0afce4766f7fb892e09715,2.0,0.0,0.0,1.0,45.0,3.0,0.0,5.0,3.0,0.0,0.0,0.0,58.0,51.0,41.0,39.0,3.0,1.0,14.0,11.0,13.0,6.0,17.0,3.0,43.0,3.5,2025-04-01T21:58:28,패
67ec5f05bbc7685cf7bc84ca,cafd9650ee1eef8bd9f3da05eb8a738b,0.0,2.0,0.0,0.0,116.0,2.0,1.0,10.0,7.0,3.0,0.0,0.0,141.0,131.0,122.0,118.0,2.0,0.0,13.0,10.0,13.0,10.0,6.0,0.0,57.0,4.7,2025-04-01T21:58:28,승
67ec5f099aada74f9e980c84,a4a16054a9d9d85bbb0a13ca9474b1a8,3.0,0.0,0.0,1.0,64.0,8.0,1.0,15.0,9.0,2.0,0.0,0.0,95.0,86.0,67.0,64.0,10.0,5.0,17.0,17.0,21.0,9.0,8.0,1.0,58.0,4.44444,2025-04-01T21:58:55,승
67ec5f099aada74f9e980c84,de4d3c498f8fa19d8b95f194bfb9f723,1.0,1.0,0.0,0.0,68.0,1.0,0.0,4.0,1.0,0.0,0.0,0.0,97.0,76.0,48.0,42.0,1.0,0.0,44.0,33.0,9.0,7.0,17.0,1.0,42.0,3.67778,2025-04-01T21:58:55,패
67ec5f09ed91b307bc861a15,9d3a9f90df798416b2f2ffea91887f00,1.0,0.0,0.0,0.0,78.0,1.0,0.0,4.0,3.0,1.0,0.0,0.0,116.0,95.0,66.0,62.0,12.0,3.0,38.0,30.0,9.0,7.0,7.0,1.0,51.0,4.06667,2025-04-01T21:58:29,패
67ec5f09ed91b307bc861a15,be5147170f36c4f42b74abdc3b2719d9,0.0,0.0,0.0,0.0,79.0,3.0,1.0,11.0,8.0,2.0,0.0,0.0,105.0,93.0,61.0,57.0,6.0,3.0,32.0,28.0,6.0,5.0,7.0,0.0,49.0,4.36667,2025-04-01T21:58:29,승
67ec5f0d5bdbd5613f338952,472d7ca53d6abda107088733074b2e10,0.0,0.0,0.0,0.0,80.0,1.0,3.0,19.0,14.0,11.0,0.0,0.0,102.0,94.0,80.0,76.0,1.0,0.0,20.0,18.0,30.0,22.0,2.0,0.0,58.0,5.25,2025-04-01T21:59:14,승
67ec5f0ff2c671bd346f84dd,60ef10234b347f6de5b8f974ffc2ee6e,0.0,0.0,0.0,0.0,104.0,4.0,2.0,9.0,9.0,4.0,0.0,0.0,139.0,129.0,100.0,94.0,10.0,10.0,25.0,23.0,1.0,1.0,8.0,0.0,61.0,5.69444,2025-04-01T21:59:41,승
67ec5f0ff2c671bd346f84dd,6d8ac9b0ccab45804fa3c15f07e62bc9,1.0,0.0,0.0,0.0,52.0,1.0,1.0,8.0,4.0,3.0,0.0,0.0,72.0,64.0,53.0,52.0,10.0,4.0,5.0,5.0,18.0,8.0,11.0,1.0,39.0,3.98333,2025-04-01T21:59:41,패
67ec5f118bdd4cdd842a2399,74acf65d475609e0c2db7d05af4bd604,0.0,0.0,0.0,0.0,96.0,2.0,1.0,5.0,4.0,1.0,0.0,0.0,114.0,109.0,102.0,100.0,3.0,2.0,8.0,6.0,5.0,2.0,8.0,0.0,59.0,4.21111,2025-04-01T21:57:49,승
67ec5f118bdd4cdd842a2399,d704aa0bf89df808772d9b721499f5c6,0.0,0.0,0.0,0.0,60.0,2.0,0.0,4.0,3.0,0.0,0.0,0.0,69.0,60.0,47.0,45.0,5.0,1.0,16.0,13.0,23.0,8.0,12.0,2.0,41.0,3.67222,2025-04-01T21:57:49,패
67ec5f133343fd3dc33a8e54,1a3a1277195bde2b9c67fc70c57cecf1,1.0,0.0,0.0,0.0,79.0,1.0,1.0,6.0,5.0,2.0,0.0,0.0,100.0,88.0,71.0,67.0,6.0,3.0,18.0,15.0,7.0,3.0,8.0,1.0,55.0,4.44444,2025-04-01T21:58:36,승
67ec5f133343fd3dc33a8e54,5993bed8e7eefcfe79e351923f203231,1.0,0.0,0.0,0.0,70.0,1.0,1.0,9.0,4.0,0.0,0.0,0.0,86.0,77.0,64.0,62.0,3.0,1.0,18.0,13.0,12.0,7.0,8.0,0.0,45.0,3.76667,2025-04-01T21:58:36,패
67ec5f14ffa570f519cd2557,2173256aac840fe95b75aaef5819b4da,1.0,0.0,0.0,0.0,90.0,0.0,1.0,6.0,3.0,3.0,0.0,0.0,109.0,96.0,81.0,78.0,3.0,1.0,23.0,17.0,9.0,6.0,4.0,1.0,55.0,4.49444,2025-04-01T21:58:38,승
67ec5f14ffa570f519cd2557,eaeb675ffdccb4d3b233335a3931a85f,3.0,0.0,0.0,0.0,70.0,3.0,1.0,7.0,3.0,0.0,0.0,0.0,89.0,80.0,74.0,69.0,5.0,2.0,9.0,8.0,6.0,4.0,1.0,0.0,45.0,3.26667,2025-04-01T21:58:38,패
67ec5f16bf39404e3bb3484c,289d75117af57a55a9308dc3aea7c8f9,0.0,0.0,0.0,0.0,57.0,2.0,1.0,6.0,4.0,1.0,0.0,0.0,80.0,69.0,48.0,46.0,4.0,0.0,19.0,15.0,13.0,11.0,4.0,0.0,45.0,3.84444,2025-04-01T21:58:27,패
67ec5f16bf39404e3bb3484c,806cb7f900f8b983f41db65769e79b5b,0.0,0.0,0.0,0.0,85.0,1.0,0.0,4.0,4.0,2.0,0.0,0.0,108.0,103.0,91.0,90.0,4.0,1.0,13.0,12.0,4.0,3.0,11.0,0.0,55.0,4.26667,2025-04-01T21:58:27,승
67ec5f1aa4b44f0c000a56ce,6cb42978ed740cae48de81cadcebc435,0.0,0.0,0.0,0.0,94.0,7.0,2.0,11.0,7.0,2.0,0.0,0.0,110.0,100.0,79.0,78.0,11.0,5.0,18.0,17.0,3.0,2.0,5.0,0.0,55.0,4.23889,2025-04-01T21:59:18,승
67ec5f1aa4b44f0c000a56ce,a91a53057e092fd8e5b762db6c0ed6de,0.0,1.0,0.0,0.0,55.0,1.0,1.0,5.0,3.0,1.0,0.0,0.0,116.0,105.0,68.0,63.0,5.0,2.0,43.0,40.0,9.0,6.0,14.0,2.0,45.0,3.8555599999999997,2025-04-01T21:59:18,패
67ec5f1ab415be5c0bd7e1bd,5ea3e9b89734d29a49e5c2ed098b9991,0.0,0.0,0.0,0.0,98.0,0.0,1.0,6.0,4.0,2.0,0.0,0.0,112.0,108.0,85.0,83.0,3.0,2.0,17.0,16.0,7.0,5.0,4.0,1.0,63.0,4.15,2025-04-01T21:57:49,승
67ec5f1ab415be5c0bd7e1bd,aaa979ff05d84ef7547011615c7181d6,0.0,0.0,0.0,0.0,58.0,1.0,1.0,2.0,1.0,1.0,0.0,0.0,89.0,78.0,65.0,59.0,5.0,2.0,15.0,14.0,17.0,7.0,8.0,0.0,37.0,3.68333,2025-04-01T21:57:49,패
67ec5f1aed91b30776861a4b,430082c07cc3c966531eb31959094b4a,1.0,0.0,0.0,0.0,82.0,3.0,1.0,8.0,7.0,1.0,0.0,0.0,101.0,92.0,75.0,70.0,12.0,9.0,13.0,12.0,9.0,6.0,9.0,1.0,50.0,3.97778,2025-04-01T21:58:36,패
67ec5f1aed91b30776861a4b,b42d49e4bb4e57ddb673df138db3e0e9,0.0,0.0,0.0,0.0,78.0,3.0,0.0,6.0,6.0,2.0,0.0,0.0,89.0,84.0,72.0,71.0,7.0,5.0,8.0,7.0,2.0,2.0,10.0,2.0,50.0,4.26111,2025-04-01T21:58:36,승
67ec5f21c784aa134d88c0da,89eb58a15383ffb8670fb6275ce318d6,1.0,0.0,0.0,0.0,70.0,4.0,1.0,20.0,17.0,2.0,0.0,0.0,102.0,95.0,78.0,75.0,5.0,3.0,15.0,14.0,20.0,14.0,6.0,0.0,56.0,4.2,2025-04-01T21:59:28,무
67ec5f21c784aa134d88c0da,ece43b1e08fa7d79a5191aa72937d3f4,0.0,1.0,0.0,0.0,80.0,1.0,2.0,7.0,5.0,2.0,0.0,0.0,107.0,102.0,88.0,84.0,2.0,2.0,12.0,12.0,18.0,8.0,24.0,3.0,44.0,4.19444,2025-04-01T21:59:28,무
67ec5f223f670b00ff4c02c0,426cae86f3d7442b92bc7804767f8afb,2.0,0.0,0.0,0.0,76.0,1.0,0.0,7.0,4.0,3.0,0.0,0.0,99.0,85.0,72.0,66.0,3.0,2.0,23.0,16.0,26.0,14.0,11.0,0.0,47.0,4.13889,2025-04-01T21:59:37,무
67ec5f223f670b00ff4c02c0,78e0d86b0e40ad75acd3c6154bd446d6,1.0,0.0,0.0,0.0,58.0,4.0,1.0,7.0,5.0,3.0,2.0,2.0,81.0,73.0,58.0,54.0,4.0,3.0,17.0,16.0,12.0,7.0,8.0,0.0,53.0,4.02778,2025-04-01T21:59:37,무
67ec5f232c0d1460b5f79de1,2f7783b6f020d6541bd675db4435fb10,0.0,0.0,0.0,0.0,95.0,0.0,0.0,9.0,8.0,3.0,0.0,0.0,112.0,103.0,93.0,90.0,4.0,3.0,13.0,10.0,5.0,2.0,9.0,1.0,49.0,4.35,2025-04-01T21:58:36,승
67ec5f232c0d1460b5f79de1,fd4d08c54b603177ef47178a2789633c,1.0,0.0,0.0,0.0,74.0,1.0,0.0,8.0,6.0,2.0,0.0,0.0,123.0,106.0,76.0,73.0,7.0,5.0,36.0,25.0,19.0,12.0,9.0,2.0,51.0,4.06667,2025-04-01T21:58:36,패
67ec5f2505e67964dd50c4fe,1dc623c2f0c3c3cecb811c1d77fd592b,0.0,0.0,0.0,0.0,80.0,3.0,0.0,10.0,7.0,2.0,0.0,0.0,116.0,103.0,89.0,82.0,7.0,5.0,17.0,14.0,13.0,9.0,6.0,1.0,53.0,4.06111,2025-04-01T21:58:48,패
67ec5f2505e67964dd50c4fe,cd5d0fe8d6f3082b52f74113db74f9b5,1.0,0.0,0.0,0.0,73.0,3.0,0.0,6.0,6.0,3.0,0.0,0.0,107.0,94.0,78.0,73.0,2.0,0.0,19.0,15.0,2.0,2.0,11.0,0.0,47.0,4.32222,2025-04-01T21:58:48,승
67ec5f25448e425a1628b21c,0b3b9474c909ca1ad31bcb0ecedab20e,0.0,0.0,0.0,0.0,78.0,0.0,0.0,7.0,6.0,2.0,0.0,0.0,90.0,88.0,74.0,73.0,2.0,2.0,10.0,10.0,5.0,4.0,9.0,0.0,51.0,4.0,2025-04-01T21:58:39,패
67ec5f25448e425a1628b21c,7ed926c5061bec238730c36fa294cc02,4.0,0.0,0.0,0.0,78.0,1.0,0.0,6.0,6.0,3.0,0.0,0.0,152.0,144.0,134.0,129.0,2.0,1.0,15.0,13.0,19.0,9.0,5.0,0.0,49.0,4.12778,2025-04-01T21:58:39,승
67ec5f255894db34d60b7055,9459737de7a9f8289305e60b1676920f,0.0,0.0,0.0,0.0,72.0,1.0,1.0,10.0,6.0,1.0,0.0,0.0,100.0,88.0,78.0,73.0,2.0,2.0,18.0,12.0,6.0,4.0,7.0,0.0,53.0,4.0,2025-04-01T21:59:05,패
67ec5f255894db34d60b7055,a39c3611b032e85613b55ac6bdae1e43,2.0,0.0,0.0,0.0,70.0,4.0,0.0,11.0,9.0,2.0,0.0,0.0,89.0,82.0,52.0,50.0,11.0,10.0,25.0,22.0,7.0,3.0,7.0,1.0,47.0,4.40556,2025-04-01T21:59:05,승
67ec5f25cc894db67bbf3d8d,d2f94f11656bed8d938aff0f27f0996d,2.0,0.0,0.0,1.0,72.0,3.0,2.0,5.0,2.0,0.0,0.0,0.0,87.0,68.0,47.0,41.0,4.0,2.0,30.0,22.0,19.0,10.0,4.0,1.0,46.0,3.84444,2025-04-01T21:59:22,패
67ec5f25cc894db67bbf3d8d,eaad0e27a62a61160f43ef600bdf0891,4.0,0.0,0.0,2.0,83.0,4.0,0.0,11.0,8.0,1.0,0.0,0.0,102.0,91.0,60.0,60.0,9.0,4.0,31.0,26.0,19.0,9.0,3.0,0.0,54.0,4.38889,2025-04-01T21:59:22,승
67ec5f27b4576a3b7e2e76bf,202449f3c0a27fc0b85593d2423f1164,0.0,0.0,0.0,0.0,87.0,2.0,0.0,3.0,2.0,1.0,0.0,0.0,129.0,115.0,97.0,93.0,9.0,2.0,21.0,20.0,11.0,3.0,8.0,0.0,55.0,3.4500000000000006,2025-04-01T21:58:38,패
67ec5f27b4576a3b7e2e76bf,838e25b4af363937efb1ffaf27a40763,0.0,1.0,0.0,0.0,43.0,4.0,0.0,15.0,11.0,5.0,0.0,0.0,78.0,73.0,54.0,54.0,15.0,13.0,6.0,5.0,8.0,5.0,13.0,0.0,45.0,4.76111,2025-04-01T21:58:38,승
67ec5f2cdb41f7170d0bc6c7,11affa4471e68443a2422bfb4eff9a81,0.0,1.0,0.0,0.0,78.0,0.0,4.0,8.0,7.0,3.0,0.0,0.0,110.0,99.0,95.0,88.0,0.0,0.0,12.0,10.0,12.0,10.0,7.0,0.0,56.0,3.78889,2025-04-01T21:59:58,패
67ec5f2cdb41f7170d0bc6c7,8e74cfccb3ba8bb8347a074dc04e8e1c,1.0,1.0,0.0,0.0,64.0,0.0,0.0,6.0,5.0,5.0,0.0,0.0,90.0,80.0,63.0,58.0,4.0,3.0,19.0,18.0,24.0,8.0,5.0,1.0,44.0,4.34444,2025-04-01T21:59:58,승
67ec5f2fa7e5fd236f746ef0,9d119b1b19662641741e0d0ea3f3dcae,1.0,0.0,0.0,0.0,72.0,3.0,0.0,17.0,13.0,7.0,0.0,0.0,74.0,69.0,64.0,60.0,4.0,3.0,6.0,6.0,22.0,15.0,8.0,0.0,57.0,4.8555600000000005,2025-04-01T21:59:44,승
67ec5f2fa7e5fd236f746ef0,c09fdda0f863362cb0b985ef5261aca8,2.0,0.0,0.0,1.0,52.0,2.0,0.0,7.0,4.0,0.0,0.0,0.0,62.0,52.0,20.0,17.0,4.0,3.0,37.0,32.0,21.0,7.0,24.0,1.0,43.0,3.22778,2025-04-01T21:59:44,패
67ec5f300e733f18626dd5b6,94487eea4a98b4a0ff63e92bbba55eee,0.0,1.0,0.0,0.0,62.0,1.0,2.0,4.0,3.0,0.0,0.0,0.0,79.0,68.0,33.0,30.0,5.0,1.0,38.0,35.0,13.0,8.0,16.0,1.0,41.0,3.0499999999999994,2025-04-01T21:59:23,패
67ec5f300e733f18626dd5b6,d3d82835934ffe523f35c6fdc2220fd5,0.0,1.0,0.0,0.0,87.0,2.0,1.0,10.0,9.0,5.0,0.0,0.0,126.0,119.0,91.0,89.0,3.0,0.0,31.0,30.0,7.0,6.0,8.0,1.0,59.0,4.89444,2025-04-01T21:59:23,승
67ec5f3a323fcfb2247b820e,a130d447631f1605a65708d04428f859,2.0,0.0,0.0,2.0,52.0,0.0,0.0,3.0,3.0,2.0,0.0,0.0,68.0,61.0,34.0,33.0,5.0,2.0,29.0,26.0,10.0,5.0,12.0,0.0,42.0,3.7555600000000005,2025-04-01T21:59:33,패
67ec5f3a323fcfb2247b820e,e3ff135214d5898e60adae4be2ead947,0.0,0.0,0.0,0.0,94.0,2.0,0.0,8.0,6.0,3.0,0.0,0.0,123.0,109.0,85.0,81.0,2.0,0.0,30.0,25.0,4.0,4.0,6.0,1.0,58.0,4.24444,2025-04-01T21:59:33,승
67ec5f3e76f6a82ded578513,ae1ba4802ca52df23ab7faaf8f705dbd,0.0,0.0,0.0,0.0,54.0,2.0,0.0,9.0,5.0,1.0,0.0,0.0,61.0,51.0,51.0,45.0,5.0,2.0,5.0,4.0,7.0,4.0,14.0,1.0,46.0,3.89444,2025-04-01T21:59:11,패
67ec5f3e76f6a82ded578513,b9d82debf6d40d4e610bc7986a785362,1.0,0.0,0.0,0.0,101.0,4.0,1.0,10.0,5.0,2.0,0.0,0.0,119.0,107.0,97.0,93.0,12.0,6.0,8.0,8.0,5.0,5.0,7.0,0.0,54.0,4.36667,2025-04-01T21:59:11,승
67ec5f4044544f6fba14001e,22574c09a92e741b521e8a87c045cb10,2.0,0.0,0.0,1.0,69.0,2.0,0.0,9.0,6.0,3.0,0.0,0.0,76.0,65.0,38.0,35.0,4.0,1.0,34.0,29.0,22.0,10.0,13.0,1.0,42.0,4.12778,2025-04-01T21:59:24,무
67ec5f4044544f6fba14001e,4453c9b2f10c8a1f43c438235e5694af,0.0,0.0,0.0,0.0,110.0,2.0,1.0,8.0,4.0,3.0,0.0,0.0,131.0,119.0,103.0,101.0,5.0,2.0,16.0,14.0,6.0,3.0,12.0,0.0,58.0,4.17778,2025-04-01T21:59:24,무
67ec5f41d001174dc326cc32,27e805b00ad682a837dd4c73c96b4d24,0.0,0.0,0.0,0.0,108.0,0.0,0.0,3.0,3.0,2.0,0.0,0.0,138.0,130.0,101.0,101.0,4.0,1.0,29.0,24.0,6.0,5.0,15.0,3.0,59.0,3.94444,2025-04-01T21:59:29,패
67ec5f41d001174dc326cc32,29e3b7f2646d102c6581ec97cde33076,0.0,0.0,0.0,0.0,65.0,1.0,0.0,6.0,5.0,3.0,0.0,0.0,82.0,73.0,58.0,56.0,3.0,2.0,16.0,13.0,4.0,4.0,5.0,0.0,41.0,4.22778,2025-04-01T21:59:29,승
67ec5f4246e0241e892232dc,db1c51a45459e8c7a1be2eef554c044a,0.0,0.0,0.0,0.0,80.0,1.0,1.0,6.0,3.0,2.0,0.0,0.0,105.0,91.0,67.0,64.0,10.0,5.0,21.0,18.0,17.0,8.0,4.0,2.0,46.0,4.19444,2025-04-01T21:59:17,승
67ec5f4246e0241e892232dc,ea5e5889702136c78582be2ced3e9732,2.0,0.0,0.0,0.0,78.0,0.0,0.0,3.0,2.0,1.0,0.0,0.0,113.0,101.0,86.0,81.0,10.0,7.0,10.0,7.0,13.0,10.0,9.0,0.0,54.0,3.86111,2025-04-01T21:59:17,패
67ec5f439e080c2592bb4035,0712d322e60ec9b14cdda13c77dd8ce5,0.0,0.0,0.0,0.0,53.0,1.0,0.0,4.0,3.0,0.0,0.0,0.0,80.0,74.0,55.0,53.0,7.0,6.0,13.0,10.0,9.0,6.0,4.0,0.0,43.0,3.57222,2025-04-01T21:58:31,패
67ec5f439e080c2592bb4035,6d17dfd26aa69c9377fdb73793087b37,0.0,0.0,0.0,0.0,94.0,2.0,1.0,1.0,1.0,1.0,0.0,0.0,120.0,112.0,80.0,78.0,4.0,3.0,34.0,30.0,2.0,2.0,8.0,0.0,57.0,4.28333,2025-04-01T21:58:31,승
67ec5f454f947e562c932d8d,2262e9b1039541323831a15d47618b42,0.0,0.0,0.0,0.0,75.0,0.0,1.0,4.0,2.0,1.0,0.0,0.0,90.0,83.0,78.0,74.0,3.0,3.0,6.0,4.0,7.0,3.0,7.0,1.0,44.0,3.85556,2025-04-01T21:59:00,무
67ec5f454f947e562c932d8d,292e72fcd314d4575c06f8d2ccfe8e2e,1.0,0.0,0.0,0.0,76.0,1.0,0.0,5.0,2.0,1.0,0.0,0.0,110.0,105.0,66.0,64.0,6.0,4.0,32.0,31.0,7.0,4.0,6.0,0.0,56.0,3.97778,2025-04-01T21:59:00,무
67ec5f469df0478e8f43047d,59e593e35cd749b1a6b2d2401ff3a599,0.0,0.0,0.0,0.0,61.0,2.0,0.0,7.0,6.0,2.0,0.0,0.0,74.0,64.0,54.0,51.0,4.0,0.0,13.0,10.0,2.0,2.0,8.0,1.0,45.0,4.06667,2025-04-01T21:59:21,무
67ec5f469df0478e8f43047d,72da02a727b1f04d71bf662d2683d98b,0.0,0.0,0.0,0.0,81.0,0.0,0.0,11.0,8.0,2.0,0.0,0.0,92.0,84.0,63.0,57.0,6.0,4.0,15.0,15.0,10.0,5.0,12.0,0.0,55.0,4.74444,2025-04-01T21:59:21,무
67ec5f4c21e3c4a79f770453,37f32d02ada58679635c59bc3a1f43c5,0.0,0.0,0.0,0.0,64.0,0.0,0.0,4.0,3.0,2.0,0.0,0.0,94.0,85.0,70.0,66.0,5.0,3.0,19.0,16.0,5.0,3.0,4.0,1.0,52.0,4.22778,2025-04-01T21:58:49,승
67ec5f4c21e3c4a79f770453,e38437f4a7dc63db19c1cfdc062a0703,0.0,0.0,0.0,0.0,77.0,1.0,1.0,7.0,4.0,1.0,0.0,0.0,118.0,106.0,96.0,92.0,5.0,2.0,12.0,9.0,3.0,2.0,4.0,0.0,48.0,3.89444,2025-04-01T21:58:49,패
67ec5f4cde45a2b7182a7ebe,7e6d9402f05476856e65c10eb2b5a24f,0.0,0.0,0.0,0.0,49.0,0.0,0.0,3.0,2.0,1.0,0.0,0.0,71.0,61.0,45.0,40.0,2.0,0.0,23.0,20.0,8.0,4.0,18.0,1.0,40.0,3.92222,2025-04-01T21:59:09,무
67ec5f4cde45a2b7182a7ebe,e4a7b4220b51c8e50b4e59e7642a8cdb,0.0,0.0,0.0,0.0,91.0,6.0,0.0,10.0,7.0,1.0,0.0,0.0,127.0,114.0,105.0,100.0,6.0,2.0,13.0,11.0,10.0,8.0,9.0,0.0,60.0,4.22778,2025-04-01T21:59:09,무
67ec5f4cf170e7385b3588d7,a829820e301d0e94159807cc38ea5dee,1.0,0.0,0.0,1.0,59.0,0.0,0.0,2.0,2.0,1.0,0.0,0.0,67.0,56.0,41.0,36.0,5.0,0.0,21.0,20.0,5.0,4.0,11.0,1.0,41.0,3.8,2025-04-01T21:58:44,무
67ec5f4cf170e7385b3588d7,d534ca6514459bcfba2a69c4ec41dc02,1.0,0.0,0.0,1.0,80.0,1.0,1.0,3.0,3.0,1.0,0.0,0.0,129.0,118.0,101.0,94.0,5.0,3.0,22.0,20.0,8.0,3.0,3.0,1.0,59.0,4.15,2025-04-01T21:58:44,무
67ec5f52d4d6289c4a5a5b4e,4753bce426cfcb16646b7698f1bb1149,1.0,0.0,0.0,0.0,73.0,3.0,0.0,11.0,4.0,2.0,0.0,0.0,95.0,85.0,61.0,58.0,5.0,2.0,20.0,19.0,13.0,9.0,3.0,2.0,52.0,4.49444,2025-04-01T21:59:26,승
67ec5f52d4d6289c4a5a5b4e,6edc533f0067381ffd458f20cb300523,0.0,0.0,0.0,0.0,80.0,1.0,1.0,3.0,2.0,0.0,0.0,0.0,104.0,88.0,80.0,74.0,3.0,0.0,18.0,13.0,12.0,7.0,13.0,1.0,48.0,3.7000000000000006,2025-04-01T21:59:26,패
67ec5f54bfb84a52099e3b77,1c228f4bf241b76263524f867f2a2941,2.0,0.0,0.0,0.0,68.0,1.0,0.0,8.0,4.0,1.0,0.0,0.0,110.0,101.0,89.0,86.0,5.0,2.0,15.0,13.0,12.0,5.0,7.0,0.0,45.0,3.78333,2025-04-01T21:59:38,패
67ec5f54bfb84a52099e3b77,daca5af09d098128696163520869f2b2,0.0,0.0,0.0,0.0,78.0,1.0,1.0,7.0,4.0,2.0,0.0,0.0,112.0,96.0,78.0,72.0,10.0,6.0,17.0,14.0,16.0,11.0,12.0,2.0,55.0,4.28333,2025-04-01T21:59:38,승
67ec5f5dbc63463917eda216,9583456644bcaffab2f8df9e7d55cd0a,0.0,0.0,0.0,0.0,81.0,3.0,0.0,9.0,7.0,4.0,0.0,0.0,107.0,88.0,69.0,65.0,8.0,1.0,28.0,22.0,15.0,8.0,3.0,1.0,48.0,4.77778,2025-04-01T21:59:48,승
67ec5f5dbc63463917eda216,eb36555d4d460edc57ee20b782723388,1.0,1.0,0.0,1.0,79.0,2.0,0.0,4.0,3.0,0.0,0.0,0.0,110.0,90.0,75.0,68.0,13.0,4.0,20.0,18.0,5.0,3.0,9.0,0.0,52.0,3.48889,2025-04-01T21:59:48,패
67ec5f5dd938d97944dbd745,5bc0201605d88dbae922a1d71c9151be,1.0,0.0,0.0,0.0,57.0,0.0,0.0,3.0,2.0,1.0,0.0,0.0,91.0,79.0,57.0,51.0,1.0,0.0,25.0,21.0,9.0,5.0,7.0,0.0,45.0,3.8666700000000005,2025-04-01T21:59:28,패
67ec5f5dd938d97944dbd745,88031a9baf4f4b48c1f369473c89e43a,0.0,0.0,0.0,0.0,92.0,5.0,0.0,6.0,4.0,2.0,0.0,0.0,112.0,101.0,73.0,72.0,15.0,8.0,11.0,10.0,8.0,3.0,3.0,0.0,55.0,4.21667,2025-04-01T21:59:28,승
67ec5f608bd0074042bcdc95,30b8738662a58281e998afb620619be5,1.0,0.0,0.0,0.0,75.0,1.0,0.0,7.0,5.0,4.0,0.0,0.0,102.0,93.0,48.0,45.0,11.0,6.0,35.0,34.0,4.0,2.0,7.0,0.0,57.0,4.25556,2025-04-01T21:59:49,무
67ec5f608bd0074042bcdc95,859ac5194ff554a4b69c5130d6ef5da3,0.0,0.0,0.0,0.0,70.0,2.0,0.0,9.0,8.0,4.0,0.0,0.0,88.0,80.0,61.0,57.0,4.0,1.0,23.0,22.0,4.0,1.0,6.0,0.0,43.0,4.02222,2025-04-01T21:59:49,무
67ec5f8bdcf4124e716d8feb,6b3330cc73b3e72df16ee3359b5d9641,1.0,0.0,0.0,0.0,67.0,1.0,0.0,5.0,4.0,1.0,0.0,0.0,85.0,70.0,69.0,59.0,2.0,1.0,10.0,7.0,26.0,11.0,6.0,0.0,48.0,3.91667,2025-04-01T21:59:55,패
67ec5f8bdcf4124e716d8feb,a4bd73f26317cf7f14f5821c18c8566b,0.0,1.0,0.0,0.0,78.0,2.0,1.0,10.0,6.0,2.0,0.0,0.0,107.0,97.0,72.0,70.0,5.0,2.0,23.0,21.0,12.0,6.0,6.0,0.0,52.0,4.26111,2025-04-01T21:59:55,승
67ec979f5d5cbc3e0214df96,487775286451863bf925c50a40bbccb2,0.0,0.0,0.0,0.0,73.0,1.0,1.0,8.0,7.0,3.0,0.0,0.0,110.0,98.0,85.0,80.0,8.0,3.0,15.0,14.0,3.0,3.0,7.0,1.0,51.0,4.34444,2025-04-02T01:59:55,승
67ec979f5d5cbc3e0214df96,8b719a70bf7b1c163a446fc69d1dc621,1.0,0.0,0.0,0.0,58.0,4.0,0.0,6.0,5.0,2.0,0.0,0.0,100.0,88.0,85.0,81.0,5.0,0.0,8.0,5.0,11.0,4.0,16.0,2.0,49.0,4.02222,2025-04-02T01:59:55,패
67ec97a04a43cfc28c7b8aa8,38fcece4ca065086e79550ef1e810405,1.0,0.0,0.0,0.0,90.0,2.0,0.0,4.0,3.0,1.0,0.0,0.0,114.0,102.0,87.0,81.0,6.0,2.0,19.0,17.0,4.0,4.0,11.0,0.0,59.0,3.72778,2025-04-02T01:59:46,패
67ec97a04a43cfc28c7b8aa8,98ce14cc8cb4bc0e48f6ebbab53fe853,1.0,0.0,0.0,0.0,60.0,0.0,0.0,7.0,5.0,4.0,0.0,0.0,76.0,66.0,45.0,41.0,5.0,0.0,26.0,25.0,3.0,2.0,7.0,2.0,41.0,4.4,2025-04-02T01:59:46,승
67ec97a928bf484ce2d2b47a,bd7e641362a359c9c738c2ffba04d8bf,0.0,0.0,0.0,0.0,63.0,0.0,0.0,5.0,4.0,3.0,0.0,0.0,102.0,85.0,71.0,64.0,9.0,7.0,21.0,14.0,11.0,6.0,20.0,2.0,46.0,4.33889,2025-04-02T01:59:57,승
67ec97a928bf484ce2d2b47a,c335c1cad1b57d2049a204d7e1ed050a,0.0,0.0,0.0,0.0,90.0,8.0,1.0,17.0,12.0,2.0,0.0,0.0,136.0,124.0,110.0,107.0,8.0,2.0,13.0,12.0,12.0,8.0,5.0,0.0,54.0,4.46111,2025-04-02T01:59:57,패
67ec97a96071b263e11730a5,86c32f09645e6255940ade028b065939,0.0,0.0,0.0,0.0,58.0,1.0,0.0,3.0,3.0,1.0,0.0,0.0,86.0,71.0,55.0,50.0,3.0,0.0,28.0,21.0,15.0,9.0,10.0,1.0,44.0,4.05,2025-04-02T01:59:12,무
67ec97a96071b263e11730a5,c7a013aa60ec2fcddd182ff6a2ca3842,0.0,0.0,0.0,0.0,82.0,3.0,0.0,5.0,4.0,1.0,0.0,0.0,116.0,107.0,85.0,83.0,6.0,1.0,18.0,17.0,9.0,3.0,8.0,0.0,56.0,4.11111,2025-04-02T01:59:12,무
67ec97ac2fd63fe82f51055b,7999618783fff7f39194e125dbd9f55c,1.0,0.0,0.0,0.0,66.0,1.0,0.0,7.0,6.0,1.0,0.0,0.0,99.0,86.0,65.0,59.0,0.0,0.0,24.0,22.0,2.0,2.0,5.0,1.0,47.0,4.02222,2025-04-02T01:59:22,무
67ec97ac2fd63fe82f51055b,d236d50da8a30f0aa2fb2b2e62d15b90,1.0,0.0,0.0,0.0,80.0,1.0,0.0,6.0,5.0,1.0,0.0,0.0,113.0,103.0,82.0,78.0,3.0,3.0,21.0,17.0,10.0,10.0,17.0,1.0,53.0,4.26111,2025-04-02T01:59:22,무
67ec97b77abd952f75c02dd5,6229718f0ed1b174feca333b9b21c9e9,0.0,0.0,0.0,0.0,67.0,2.0,1.0,5.0,5.0,1.0,0.0,0.0,94.0,84.0,66.0,63.0,9.0,6.0,16.0,13.0,12.0,6.0,7.0,0.0,47.0,4.1,2025-04-02T01:59:34,무
67ec97b77abd952f75c02dd5,66155d4dac278dedf302c4596300aa08,1.0,0.0,0.0,0.0,89.0,2.0,1.0,4.0,3.0,1.0,0.0,0.0,120.0,108.0,88.0,84.0,5.0,2.0,14.0,11.0,4.0,2.0,4.0,0.0,53.0,4.09444,2025-04-02T01:59:34,무
67ec97b8c00774106572c9ff,2c0789b94f50de9173c93d7a317f1a90,0.0,0.0,0.0,0.0,77.0,3.0,3.0,8.0,4.0,1.0,0.0,0.0,94.0,80.0,62.0,61.0,5.0,2.0,23.0,14.0,12.0,7.0,9.0,0.0,48.0,3.91111,2025-04-02T01:59:59,패
67ec97b8c00774106572c9ff,6da07a840b8547a9206c1ea8eb0b226c,0.0,0.0,0.0,0.0,93.0,0.0,0.0,5.0,5.0,2.0,0.0,0.0,114.0,104.0,101.0,94.0,0.0,0.0,11.0,9.0,6.0,2.0,8.0,2.0,52.0,4.26111,2025-04-02T01:59:59,승
67ec97c075623188bbd10d86,33c7a6cce48043a677bcf469d5c3b2e3,0.0,0.0,0.0,0.0,70.0,1.0,0.0,6.0,4.0,3.0,0.0,0.0,102.0,92.0,50.0,48.0,6.0,1.0,41.0,39.0,5.0,2.0,12.0,0.0,49.0,4.57778,2025-04-02T01:59:53,승
67ec97c075623188bbd10d86,b00618304670b4b6f8574a554f8c08f6,0.0,0.0,0.0,0.0,79.0,1.0,1.0,7.0,3.0,0.0,0.0,0.0,104.0,94.0,79.0,75.0,3.0,2.0,22.0,17.0,4.0,2.0,8.0,1.0,51.0,3.57222,2025-04-02T01:59:53,패
67edb01c186e1ede8ceffe0e,3ec465e3bb93f4c75459ac49402017e8,1.0,0.0,0.0,0.0,64.0,0.0,1.0,4.0,4.0,3.0,0.0,0.0,77.0,70.0,47.0,43.0,0.0,0.0,28.0,25.0,18.0,9.0,8.0,1.0,44.0,4.26667,2025-04-02T21:56:31,승
67edb01c186e1ede8ceffe0e,88c5044e620fdf50ee5f3b53ebf56c4b,1.0,0.0,0.0,0.0,97.0,1.0,3.0,8.0,6.0,2.0,1.0,0.0,133.0,120.0,99.0,93.0,4.0,4.0,25.0,23.0,10.0,4.0,5.0,1.0,56.0,3.92222,2025-04-02T21:56:31,패
67edb01d9a59beefe935fa6d,44f372d5cf324675cdf80ab1fd07ab62,1.0,0.0,0.0,0.0,65.0,1.0,2.0,8.0,6.0,4.0,0.0,0.0,89.0,77.0,47.0,43.0,4.0,2.0,35.0,31.0,14.0,9.0,9.0,0.0,49.0,4.31667,2025-04-02T21:57:25,승
67edb01d9a59beefe935fa6d,4e17c050be2e65051a9d81145ce7455c,0.0,0.0,0.0,0.0,69.0,3.0,0.0,9.0,6.0,3.0,0.0,0.0,124.0,113.0,99.0,94.0,5.0,5.0,19.0,14.0,13.0,8.0,6.0,1.0,51.0,4.12778,2025-04-02T21:57:25,패
67edb024e3434b52f40ad645,4b7a308adbc80295df75568d1831974f,2.0,0.0,0.0,1.0,51.0,2.0,2.0,3.0,1.0,0.0,0.0,0.0,90.0,71.0,39.0,36.0,7.0,3.0,37.0,28.0,18.0,12.0,10.0,1.0,47.0,3.8,2025-04-02T21:56:54,패
67edb024e3434b52f40ad645,9f90c4016c615ecc8d4bca6c7919774e,1.0,0.0,0.0,0.0,79.0,4.0,2.0,8.0,6.0,2.0,0.0,0.0,101.0,86.0,72.0,67.0,8.0,1.0,18.0,17.0,11.0,8.0,8.0,0.0,53.0,4.5,2025-04-02T21:56:54,승
67edb0342ed9335af43b6771,7162b6133b00ccfff4ba092582827260,0.0,0.0,0.0,0.0,123.0,3.0,0.0,11.0,9.0,4.0,0.0,0.0,128.0,118.0,102.0,99.0,8.0,2.0,14.0,13.0,11.0,8.0,5.0,0.0,63.0,4.53333,2025-04-02T21:57:42,승
67edb0342ed9335af43b6771,ccb5f7c755775a38b91a27ac9dcecfbc,2.0,0.0,0.0,0.0,52.0,0.0,2.0,3.0,3.0,3.0,0.0,0.0,84.0,66.0,17.0,16.0,0.0,0.0,64.0,49.0,24.0,9.0,18.0,2.0,37.0,3.77778,2025-04-02T21:57:42,패
67edb034985c99475fd62baa,06234bf0f56897447bf5de4b6f8acf1a,0.0,0.0,0.0,0.0,95.0,1.0,0.0,7.0,7.0,3.0,0.0,0.0,110.0,103.0,70.0,65.0,5.0,5.0,35.0,33.0,11.0,6.0,8.0,0.0,57.0,5.69444,2025-04-02T21:57:43,무
67edb034985c99475fd62baa,251a7c62106d2dba820030c59f0d8888,1.0,0.0,0.0,0.0,63.0,1.0,2.0,8.0,6.0,3.0,0.0,0.0,87.0,79.0,49.0,47.0,4.0,2.0,31.0,29.0,12.0,9.0,13.0,0.0,43.0,3.9777800000000005,2025-04-02T21:57:43,무
67edb0376c5f198abf802a50,0a08b236f17f60067ab59826672e20d3,1.0,0.0,0.0,0.0,84.0,6.0,0.0,9.0,8.0,3.0,0.0,0.0,130.0,110.0,97.0,86.0,7.0,4.0,22.0,19.0,14.0,7.0,6.0,0.0,54.0,4.42222,2025-04-02T21:58:24,승
67edb0376c5f198abf802a50,c61d75d7f4e8df37a71b2eafabc70c83,0.0,0.0,0.0,0.0,55.0,4.0,0.0,5.0,2.0,2.0,0.0,0.0,103.0,82.0,64.0,57.0,13.0,6.0,21.0,16.0,20.0,13.0,16.0,0.0,46.0,3.94444,2025-04-02T21:58:24,패
67edb03a59949dd11c30c9f4,77b1522bff779116c8b31a9da31e7332,0.0,1.0,0.0,0.0,65.0,2.0,2.0,6.0,4.0,2.0,0.0,0.0,99.0,84.0,62.0,56.0,6.0,3.0,24.0,20.0,5.0,5.0,13.0,1.0,47.0,4.12778,2025-04-02T21:57:09,무
67edb03a59949dd11c30c9f4,f8be5acc1ee26218732c0551c4835bbd,1.0,0.0,0.0,0.0,72.0,2.0,0.0,9.0,6.0,2.0,0.0,0.0,86.0,76.0,53.0,52.0,4.0,2.0,27.0,22.0,10.0,5.0,7.0,2.0,53.0,4.23333,2025-04-02T21:57:09,무
67edb047daacd8f3a0b95cf0,9878bef6ea2bcabd49ed039ba884349b,0.0,0.0,0.0,0.0,80.0,2.0,0.0,6.0,6.0,4.0,0.0,0.0,101.0,91.0,77.0,73.0,7.0,3.0,13.0,12.0,14.0,5.0,6.0,1.0,60.0,4.27222,2025-04-02T21:58:01,승
67edb047daacd8f3a0b95cf0,ee35ec96988339aed68b556ce5409618,0.0,0.0,0.0,0.0,52.0,3.0,0.0,9.0,7.0,3.0,0.0,0.0,82.0,74.0,48.0,45.0,4.0,1.0,29.0,28.0,11.0,4.0,8.0,0.0,40.0,3.8611099999999996,2025-04-02T21:58:01,패
67edb04a347cb778ca8e5983,a89354b2b4e18c61ac55b1589f7d9610,1.0,0.0,0.0,0.0,88.0,0.0,0.0,7.0,4.0,4.0,0.0,0.0,106.0,97.0,77.0,71.0,1.0,1.0,26.0,24.0,15.0,9.0,9.0,0.0,59.0,4.37222,2025-04-02T21:58:36,승
67edb04a347cb778ca8e5983,d95c4e32e228ce78dce19098b3d0b8aa,0.0,0.0,0.0,0.0,50.0,2.0,1.0,7.0,4.0,3.0,0.0,0.0,81.0,63.0,24.0,20.0,6.0,3.0,49.0,39.0,20.0,13.0,8.0,1.0,41.0,3.92222,2025-04-02T21:58:36,패
67edb04c838f4f7682c7ef43,3745b5398ca86069777c94f6eb7ef774,0.0,0.0,0.0,0.0,75.0,0.0,1.0,2.0,2.0,2.0,0.0,0.0,117.0,100.0,75.0,64.0,0.0,0.0,31.0,28.0,11.0,7.0,11.0,1.0,51.0,3.82222,2025-04-02T21:57:02,패
67edb04c838f4f7682c7ef43,8192fc9de3daef8805cd5b695e06e98a,0.0,0.0,0.0,0.0,75.0,0.0,2.0,8.0,6.0,4.0,0.0,0.0,102.0,91.0,68.0,63.0,0.0,0.0,31.0,26.0,22.0,14.0,7.0,0.0,49.0,4.47778,2025-04-02T21:57:02,승
67edb0518bdbed68068b1bc9,500fd97edcbcfd02036b1e78ac1ab8b6,1.0,0.0,0.0,0.0,59.0,2.0,0.0,5.0,3.0,1.0,0.0,0.0,100.0,85.0,71.0,65.0,2.0,1.0,16.0,12.0,11.0,5.0,6.0,1.0,55.0,3.9,2025-04-02T21:59:31,패
67edb0518bdbed68068b1bc9,f50be51e836fa7b47f9dbfc61a15987d,0.0,0.0,0.0,0.0,70.0,5.0,1.0,8.0,7.0,2.0,0.0,0.0,93.0,79.0,56.0,54.0,6.0,3.0,27.0,22.0,7.0,7.0,5.0,2.0,45.0,4.35,2025-04-02T21:59:31,승
67edb06630ae09ff7d8ada4b,956ea676e7e21971fb48b11d30f09406,0.0,0.0,0.0,0.0,71.0,1.0,0.0,4.0,4.0,1.0,0.0,0.0,105.0,96.0,84.0,80.0,6.0,3.0,11.0,9.0,5.0,2.0,7.0,1.0,56.0,4.20556,2025-04-02T21:57:38,무
67edb06630ae09ff7d8ada4b,bab5994887eda7c5d52150074136c770,1.0,0.0,0.0,0.0,67.0,4.0,0.0,7.0,5.0,1.0,0.0,0.0,88.0,76.0,56.0,50.0,10.0,4.0,21.0,21.0,5.0,4.0,8.0,0.0,44.0,4.32778,2025-04-02T21:57:38,무
67edb0691b15f61577b4a4f3,ddecbe9035bce533a814298d52e4e8c2,1.0,0.0,0.0,0.0,69.0,3.0,0.0,12.0,9.0,3.0,0.0,0.0,97.0,90.0,65.0,65.0,6.0,2.0,17.0,16.0,14.0,6.0,8.0,1.0,48.0,3.9111099999999994,2025-04-02T21:58:18,패
67edb0691b15f61577b4a4f3,fc10b5b878a4ff5ba607f3e9806fb329,1.0,0.0,0.0,0.0,59.0,1.0,0.0,10.0,7.0,5.0,0.0,0.0,94.0,83.0,64.0,61.0,1.0,1.0,24.0,18.0,16.0,6.0,9.0,2.0,52.0,4.41667,2025-04-02T21:58:18,승
67edb06950bca420759ef646,0a30b8bef4eb674315b0d9f21ce71775,0.0,1.0,0.0,0.0,73.0,0.0,2.0,1.0,0.0,0.0,0.0,0.0,78.0,65.0,51.0,49.0,6.0,1.0,19.0,13.0,14.0,9.0,11.0,1.0,50.0,3.65556,2025-04-02T21:57:34,패
67edb06950bca420759ef646,382a340c596c3a8bf6b7aeaf45c8668a,0.0,1.0,0.0,0.0,67.0,1.0,2.0,10.0,6.0,1.0,0.0,0.0,79.0,70.0,58.0,56.0,2.0,2.0,9.0,4.0,13.0,7.0,3.0,0.0,50.0,4.17222,2025-04-02T21:57:34,승
67edb0781a025cab2be99f47,528cddf72ed877027acb9aef56a8ebb3,3.0,0.0,0.0,0.0,65.0,1.0,0.0,5.0,5.0,2.0,0.0,0.0,93.0,83.0,76.0,71.0,0.0,0.0,10.0,7.0,21.0,9.0,9.0,0.0,40.0,3.72778,2025-04-02T21:58:33,패
67edb0781a025cab2be99f47,f8594e382262a28b927207059b90c741,0.0,0.0,0.0,0.0,101.0,1.0,0.0,4.0,3.0,3.0,0.0,0.0,118.0,105.0,80.0,77.0,2.0,1.0,21.0,17.0,5.0,4.0,6.0,1.0,60.0,4.3,2025-04-02T21:58:33,승
67edb0792f027e2f181bcbf6,be0373ef2f339e9da9e1a70a25fc5118,0.0,0.0,0.0,0.0,50.0,3.0,0.0,10.0,7.0,2.0,0.0,0.0,66.0,54.0,34.0,32.0,8.0,6.0,17.0,11.0,13.0,6.0,10.0,0.0,42.0,4.03333,2025-04-02T21:58:20,무
67edb0792f027e2f181bcbf6,df4503fa15f5914cec9aec82a84d554c,1.0,0.0,0.0,0.0,82.0,3.0,0.0,8.0,7.0,2.0,0.0,0.0,102.0,90.0,75.0,72.0,5.0,2.0,22.0,16.0,6.0,3.0,8.0,1.0,58.0,4.26111,2025-04-02T21:58:20,무
67edb07a1492c0137c06e79c,9ef76ef48ee26c12dcda2f2042a3d044,1.0,0.0,0.0,0.0,75.0,3.0,3.0,6.0,2.0,0.0,0.0,0.0,79.0,67.0,72.0,65.0,7.0,2.0,0.0,0.0,11.0,7.0,4.0,1.0,51.0,4.01667,2025-04-02T21:58:44,무
67edb07abd01733330957790,10aa112559d91decb9e875a99087ef6e,0.0,0.0,0.0,0.0,86.0,2.0,2.0,7.0,7.0,3.0,0.0,0.0,104.0,97.0,82.0,78.0,5.0,4.0,8.0,8.0,4.0,4.0,7.0,0.0,59.0,4.45,2025-04-02T21:58:51,승
67edb07abd01733330957790,9c5f8828231735ca46b6f80cc9ed6b8d,2.0,0.0,0.0,0.0,59.0,1.0,0.0,5.0,4.0,1.0,0.0,0.0,72.0,62.0,32.0,28.0,8.0,5.0,24.0,21.0,20.0,10.0,8.0,0.0,41.0,3.80556,2025-04-02T21:58:51,패
67edb07be6cacc978be006d3,1dbdef7049e72a9c4f1cd7e0e144361f,0.0,0.0,0.0,0.0,47.0,1.0,1.0,9.0,8.0,5.0,0.0,0.0,70.0,62.0,45.0,40.0,2.0,2.0,21.0,19.0,14.0,6.0,15.0,0.0,43.0,4.38889,2025-04-02T21:58:45,승
67edb07be6cacc978be006d3,212686c3778896e7e6dab34324d48042,1.0,0.0,0.0,0.0,97.0,4.0,1.0,11.0,8.0,4.0,0.0,0.0,134.0,121.0,107.0,104.0,9.0,5.0,13.0,11.0,3.0,3.0,7.0,0.0,57.0,4.30556,2025-04-02T21:58:45,패
67edb0866163667245bfdb22,4fe37015adf909b82020945595d70860,1.0,0.0,0.0,0.0,58.0,3.0,1.0,16.0,8.0,0.0,0.0,0.0,92.0,80.0,67.0,66.0,5.0,2.0,18.0,11.0,26.0,12.0,4.0,0.0,41.0,3.63889,2025-04-02T21:58:05,패
67edb0866163667245bfdb22,f7074c89f8f0f38e895df31e7f7118f9,0.0,0.0,0.0,0.0,96.0,0.0,1.0,2.0,1.0,1.0,0.0,0.0,100.0,89.0,71.0,68.0,3.0,2.0,14.0,11.0,3.0,3.0,17.0,5.0,59.0,4.18889,2025-04-02T21:58:05,승
67edb0886215bed7b8fe5a8d,5582620a5a8d77f593981bbcf4a7fa5c,0.0,0.0,0.0,0.0,71.0,1.0,3.0,7.0,5.0,2.0,0.0,0.0,91.0,80.0,76.0,74.0,1.0,0.0,9.0,5.0,18.0,8.0,5.0,0.0,51.0,3.85,2025-04-02T21:59:18,패
67edb0886215bed7b8fe5a8d,a729373cadfea3dd65be41bbca291fc7,1.0,0.0,0.0,1.0,73.0,2.0,1.0,9.0,6.0,4.0,0.0,0.0,101.0,92.0,67.0,65.0,6.0,2.0,25.0,24.0,17.0,8.0,10.0,1.0,49.0,4.36111,2025-04-02T21:59:18,승
67edb08a09e525373c89a20d,be7e02921d79cc20f7508278e9ada11d,0.0,0.0,0.0,0.0,80.0,2.0,0.0,6.0,3.0,2.0,0.0,0.0,95.0,89.0,76.0,75.0,5.0,3.0,11.0,9.0,9.0,6.0,9.0,1.0,60.0,3.97222,2025-04-02T21:57:36,무
67edb08a09e525373c89a20d,d56345daeb60a818f829a5a32b472f03,0.0,0.0,0.0,0.0,80.0,1.0,0.0,6.0,6.0,2.0,0.0,0.0,92.0,84.0,79.0,76.0,2.0,0.0,8.0,7.0,15.0,8.0,6.0,1.0,40.0,4.01667,2025-04-02T21:57:36,무
67edb08dcbd4446796ea5bb8,bda587cc3ffe847ccdebd4e2cf0e71c8,1.0,0.0,0.0,1.0,61.0,1.0,1.0,13.0,5.0,1.0,0.0,0.0,75.0,72.0,53.0,52.0,5.0,5.0,17.0,15.0,17.0,12.0,5.0,0.0,47.0,3.5444399999999994,2025-04-02T21:59:19,패
67edb08dcbd4446796ea5bb8,df6d96c02e3bcc8f96561d116e1b9691,0.0,0.0,0.0,0.0,69.0,0.0,1.0,4.0,3.0,3.0,0.0,0.0,97.0,92.0,83.0,80.0,2.0,1.0,11.0,10.0,6.0,2.0,14.0,0.0,53.0,4.3,2025-04-02T21:59:19,승
67edb09002b7c7f01e1d3568,a564f3c80f38a839489fa2184af261b9,1.0,0.0,0.0,1.0,64.0,4.0,0.0,12.0,9.0,2.0,0.0,0.0,80.0,69.0,56.0,49.0,7.0,5.0,16.0,15.0,8.0,8.0,10.0,2.0,49.0,4.26111,2025-04-02T21:59:29,무
67edb09002b7c7f01e1d3568,f31d91278d2213169b5dc1a29d0395b5,1.0,0.0,0.0,0.0,55.0,2.0,2.0,12.0,10.0,2.0,0.0,0.0,70.0,62.0,50.0,45.0,6.0,3.0,14.0,14.0,19.0,14.0,7.0,1.0,51.0,4.16111,2025-04-02T21:59:29,무
67edb0b51524659203ff0143,0fe942c6ab6ee86363231635bb85eb2f,1.0,0.0,0.0,0.0,81.0,2.0,2.0,6.0,2.0,0.0,0.0,0.0,106.0,97.0,62.0,58.0,11.0,7.0,26.0,25.0,8.0,3.0,10.0,0.0,53.0,3.62222,2025-04-02T21:58:54,패
67edb0b51524659203ff0143,f146b6374b373cf6e961a40a777161bd,0.0,0.0,0.0,0.0,50.0,2.0,1.0,12.0,8.0,3.0,0.0,0.0,81.0,66.0,50.0,46.0,11.0,8.0,18.0,12.0,8.0,7.0,7.0,1.0,47.0,4.58889,2025-04-02T21:58:54,승
67edb0ba6b185e7205c96829,2bdd44f5c53a3a5dabc9098d2cc61a57,1.0,0.0,0.0,0.0,80.0,2.0,3.0,13.0,9.0,5.0,0.0,0.0,86.0,75.0,49.0,48.0,4.0,2.0,28.0,23.0,23.0,13.0,6.0,0.0,54.0,4.64444,2025-04-02T21:59:40,승
67edb0ba6b185e7205c96829,e079baf3448c1cc1928a0b6b3c21cfdd,0.0,1.0,0.0,0.0,48.0,0.0,1.0,2.0,2.0,1.0,1.0,0.0,68.0,61.0,52.0,47.0,2.0,2.0,14.0,12.0,15.0,7.0,13.0,3.0,46.0,3.41667,2025-04-02T21:59:40,패
67edb0e1b6bbf566ba6a08ce,1421bc9e7f5b2f6f418d310c0b30f5c4,1.0,0.0,0.0,0.0,64.0,6.0,0.0,12.0,6.0,2.0,0.0,0.0,98.0,85.0,62.0,60.0,11.0,6.0,22.0,18.0,15.0,10.0,5.0,0.0,49.0,4.53889,2025-04-02T21:59:42,승
67edb0e1b6bbf566ba6a08ce,9a42e043c719df6764383df885ca06b9,1.0,0.0,0.0,0.0,52.0,1.0,0.0,2.0,1.0,0.0,0.0,0.0,82.0,74.0,55.0,51.0,3.0,2.0,11.0,10.0,11.0,7.0,12.0,1.0,51.0,3.63889,2025-04-02T21:59:42,패
67edb0f7c0108c1d08660237,0f25886f5452e1fd534f882ff4df63e1,0.0,0.0,0.0,0.0,96.0,5.0,0.0,11.0,8.0,0.0,0.0,0.0,109.0,98.0,70.0,67.0,6.0,2.0,28.0,26.0,13.0,8.0,7.0,0.0,57.0,4.20556,2025-04-02T21:59:24,무
67edb0f7c0108c1d08660237,c134155c1038d3a1067cd68fc07a12e6,0.0,0.0,0.0,0.0,61.0,0.0,0.0,2.0,1.0,0.0,0.0,0.0,99.0,83.0,59.0,50.0,1.0,0.0,31.0,28.0,14.0,7.0,20.0,0.0,43.0,4.0,2025-04-02T21:59:24,무
67edb0fda965903512772d17,26d6085f76b1ef1ab30b9adc68d14dc2,0.0,0.0,0.0,0.0,97.0,2.0,0.0,6.0,4.0,1.0,0.0,0.0,141.0,127.0,100.0,96.0,4.0,3.0,34.0,28.0,9.0,2.0,8.0,1.0,60.0,4.07222,2025-04-02T21:59:41,무
67edb0fda965903512772d17,80da2b3fe595e0a9fdc13d7fe0d252c5,2.0,0.0,0.0,1.0,49.0,1.0,0.0,6.0,4.0,1.0,0.0,0.0,78.0,68.0,37.0,35.0,11.0,7.0,28.0,26.0,24.0,12.0,16.0,1.0,40.0,3.96667,2025-04-02T21:59:41,무
