ouid,foul,injury,redCards,yellowCards,dribble,cornerKick,offsideCount,shootTotal,effectiveShootTotal,goalTotal,shootPenaltyKick,goalPenaltyKick,passTry,passSuccess,shortPassTry,shortPassSuccess,longPassTry,longPassSuccess,throughPassTry,throughPassSuccess,tackleTry,tackleSuccess,blockTry,blockSuccess,possession,averageRating,matchResult,weekend,passSucRt,shortPassSucRt,longPassSucRt,throughPassSucRt,shootAccuracy,tackleSucRt,blockSucRt
00bb68e0fa9a9f7cb1665b32dd8069b7,1.0,0.0,0.0,0.0,64.0,3.0,0.0,3.0,2.0,2.0,0.0,0.0,108.0,92.0,80.0,71.0,8.0,4.0,16.0,16.0,17.0,9.0,5.0,1.0,44.0,3.6333299999999995,패,평일,0.8518518518518519,0.8875,0.5,1.0,0.6666666666666666,0.5294117647058824,0.2
b732daf0b96fc9256262fb36cb72c1bc,0.0,0.0,0.0,0.0,75.0,1.0,1.0,14.0,9.0,5.0,0.0,0.0,97.0,88.0,59.0,56.0,8.0,5.0,26.0,25.0,13.0,8.0,5.0,0.0,56.0,4.5944400000000005,승,평일,0.9072164948453608,0.9491525423728814,0.625,0.9615384615384616,0.6428571428571429,0.6153846153846154,0.0
7fe7ffb96f2154e14825d674841ff270,0.0,0.0,0.0,0.0,80.0,2.0,0.0,7.0,6.0,3.0,0.0,0.0,97.0,91.0,67.0,66.0,5.0,4.0,19.0,17.0,6.0,4.0,8.0,1.0,58.0,4.21667,승,평일,0.9381443298969072,0.9850746268656716,0.8,0.8947368421052632,0.8571428571428571,0.6666666666666666,0.125
a184d3be0a42e0978644eb62b3b41ff5,1.0,0.0,0.0,0.0,68.0,1.0,0.0,8.0,7.0,2.0,0.0,0.0,84.0,76.0,54.0,51.0,2.0,1.0,22.0,18.0,21.0,9.0,6.0,0.0,42.0,3.82778,패,평일,0.9047619047619048,0.9444444444444444,0.5,0.8181818181818182,0.875,0.42857142857142855,0.0
eb36555d4d460edc57ee20b782723388,0.0,0.0,0.0,0.0,72.0,0.0,1.0,6.0,4.0,2.0,0.0,0.0,86.0,77.0,66.0,63.0,4.0,1.0,15.0,13.0,4.0,1.0,15.0,2.0,44.0,4.07222,패,평일,0.8953488372093024,0.9545454545454546,0.25,0.8666666666666667,0.6666666666666666,0.25,0.13333333333333333
ec02b2c11cebc64f1cc8b6f00cc0a6a1,1.0,0.0,0.0,0.0,95.0,3.0,0.0,10.0,8.0,4.0,0.0,0.0,132.0,116.0,93.0,87.0,7.0,5.0,32.0,24.0,12.0,7.0,8.0,0.0,56.0,4.4833300000000005,승,평일,0.8787878787878788,0.9354838709677419,0.7142857142857143,0.75,0.8,0.5833333333333334,0.0
6ae632b2d3e3396e10e5f14b00aceaf1,0.0,0.0,0.0,0.0,59.0,2.0,0.0,4.0,2.0,0.0,0.0,0.0,98.0,84.0,75.0,70.0,5.0,1.0,17.0,13.0,12.0,6.0,9.0,1.0,44.0,3.47778,패,평일,0.8571428571428571,0.9333333333333333,0.2,0.7647058823529411,0.5,0.5,0.1111111111111111
7ddab8a3a52b45ac81a55872b6c4c1e4,1.0,0.0,0.0,1.0,86.0,3.0,0.0,10.0,8.0,2.0,0.0,0.0,121.0,112.0,79.0,76.0,4.0,3.0,30.0,25.0,12.0,6.0,8.0,0.0,56.0,4.50556,승,평일,0.9256198347107438,0.9620253164556962,0.75,0.8333333333333334,0.8,0.5,0.0
8b4d8397dd9e1663b44afa174f3f3f50,0.0,0.0,0.0,0.0,102.0,0.0,2.0,3.0,2.0,1.0,0.0,0.0,129.0,119.0,115.0,110.0,2.0,0.0,10.0,7.0,4.0,3.0,7.0,2.0,57.0,4.35,승,평일,0.9224806201550387,0.9565217391304348,0.0,0.7,0.6666666666666666,0.75,0.2857142857142857
8ea3578f75e40f882bdebab970799ad2,0.0,0.0,0.0,0.0,61.0,2.0,0.0,4.0,2.0,0.0,0.0,0.0,74.0,64.0,46.0,43.0,3.0,1.0,23.0,19.0,2.0,1.0,8.0,1.0,43.0,3.88889,패,평일,0.8648648648648649,0.9347826086956522,0.3333333333333333,0.8260869565217391,0.5,0.5,0.125
25aa0096537b4ec9bd20b89faad215ea,1.0,0.0,0.0,1.0,82.0,1.0,3.0,3.0,3.0,2.0,0.0,0.0,110.0,95.0,68.0,61.0,6.0,3.0,32.0,28.0,11.0,8.0,10.0,0.0,53.0,4.01111,패,평일,0.8636363636363636,0.8970588235294118,0.5,0.875,1.0,0.7272727272727273,0.0
d75dbd6709a1cc8f292d7a4ed1f7de59,0.0,0.0,0.0,0.0,77.0,0.0,0.0,6.0,6.0,4.0,1.0,1.0,116.0,101.0,71.0,67.0,3.0,2.0,36.0,27.0,11.0,7.0,4.0,0.0,47.0,4.36111,승,평일,0.8706896551724138,0.9436619718309859,0.6666666666666666,0.75,1.0,0.6363636363636364,0.0
1fe576d06311767b29335815d296d07c,0.0,0.0,0.0,0.0,64.0,1.0,0.0,9.0,4.0,3.0,0.0,0.0,81.0,74.0,75.0,70.0,3.0,1.0,3.0,3.0,10.0,6.0,6.0,0.0,47.0,4.0,무,평일,0.9135802469135802,0.9333333333333333,0.3333333333333333,1.0,0.4444444444444444,0.6,0.0
b2423f3fbe1a8fd6cd1f97c9118dacbd,1.0,0.0,0.0,0.0,70.0,0.0,1.0,4.0,3.0,3.0,0.0,0.0,89.0,78.0,67.0,64.0,6.0,3.0,16.0,11.0,17.0,8.0,9.0,0.0,53.0,3.94444,무,평일,0.8764044943820225,0.9552238805970149,0.5,0.6875,0.75,0.47058823529411764,0.0
44d731a97c264bf8923e8e7829bf2218,0.0,0.0,0.0,0.0,48.0,0.0,0.0,2.0,1.0,0.0,0.0,0.0,68.0,58.0,47.0,44.0,1.0,0.0,17.0,13.0,17.0,9.0,9.0,1.0,33.0,3.37222,패,평일,0.8529411764705882,0.9361702127659575,0.0,0.7647058823529411,0.5,0.5294117647058824,0.1111111111111111
59d5280b065cddd106fd7bc6fa6826f5,0.0,0.0,0.0,0.0,108.0,1.0,0.0,11.0,10.0,4.0,0.0,0.0,124.0,118.0,118.0,114.0,0.0,0.0,5.0,4.0,4.0,3.0,5.0,1.0,67.0,4.68889,승,평일,0.9516129032258065,0.9661016949152542,0.0,0.8,0.9090909090909091,0.75,0.2
13e03045da1c83bf7fa3d98030c4ee6b,1.0,0.0,0.0,0.0,74.0,2.0,0.0,6.0,4.0,2.0,0.0,0.0,102.0,92.0,77.0,72.0,3.0,2.0,19.0,18.0,16.0,10.0,9.0,0.0,60.0,4.03889,무,평일,0.9019607843137255,0.935064935064935,0.6666666666666666,0.9473684210526315,0.6666666666666666,0.625,0.0
3c2436f8057c6929893a17b36d059cee,0.0,0.0,0.0,0.0,65.0,1.0,3.0,5.0,3.0,2.0,0.0,0.0,70.0,62.0,36.0,33.0,4.0,2.0,17.0,15.0,13.0,8.0,4.0,0.0,40.0,3.99444,무,평일,0.8857142857142857,0.9166666666666666,0.5,0.8823529411764706,0.6,0.6153846153846154,0.0
3dec75578a11274db7d669428bd740e9,1.0,0.0,0.0,0.0,67.0,0.0,0.0,1.0,1.0,0.0,0.0,0.0,114.0,104.0,83.0,79.0,4.0,3.0,22.0,18.0,7.0,5.0,9.0,2.0,49.0,3.57222,패,평일,0.9122807017543859,0.9518072289156626,0.75,0.8181818181818182,1.0,0.7142857142857143,0.2222222222222222
f2d45ae17d7ba45c09bcc62515af2996,0.0,0.0,0.0,0.0,70.0,2.0,0.0,7.0,6.0,2.0,0.0,0.0,105.0,94.0,69.0,66.0,4.0,2.0,18.0,13.0,9.0,7.0,5.0,0.0,51.0,4.39444,승,평일,0.8952380952380953,0.9565217391304348,0.5,0.7222222222222222,0.8571428571428571,0.7777777777777778,0.0
36277212e118b4ece503722e2937f764,1.0,0.0,0.0,0.0,88.0,4.0,0.0,8.0,6.0,1.0,0.0,0.0,146.0,134.0,119.0,111.0,2.0,1.0,24.0,22.0,16.0,11.0,11.0,0.0,57.0,4.05,패,평일,0.9178082191780822,0.9327731092436975,0.5,0.9166666666666666,0.75,0.6875,0.0
ba1bf6a94fb91af11abdafdc24c671b9,1.0,0.0,0.0,1.0,69.0,1.0,1.0,6.0,4.0,2.0,0.0,0.0,101.0,89.0,60.0,54.0,3.0,1.0,35.0,33.0,21.0,10.0,10.0,2.0,43.0,4.21111,승,평일,0.8811881188118812,0.9,0.3333333333333333,0.9428571428571428,0.6666666666666666,0.47619047619047616,0.2
3c09ddb03aa5c3bbfb0c3ad4380b9457,0.0,0.0,0.0,0.0,86.0,6.0,1.0,11.0,9.0,2.0,1.0,1.0,136.0,122.0,92.0,86.0,8.0,4.0,17.0,16.0,9.0,3.0,8.0,2.0,59.0,4.27778,승,평일,0.8970588235294118,0.9347826086956522,0.5,0.9411764705882353,0.8181818181818182,0.3333333333333333,0.25
4de06c3c80c49d7f45a031b1d5c556d3,3.0,1.0,0.0,0.0,56.0,1.0,1.0,3.0,2.0,1.0,0.0,0.0,84.0,69.0,63.0,57.0,1.0,0.0,20.0,12.0,12.0,9.0,15.0,2.0,41.0,3.65,패,평일,0.8214285714285714,0.9047619047619048,0.0,0.6,0.6666666666666666,0.75,0.13333333333333333
5867b2937ddd8dc37c9c9095187b7827,0.0,0.0,0.0,0.0,94.0,3.0,0.0,8.0,6.0,2.0,0.0,0.0,118.0,113.0,86.0,83.0,6.0,6.0,19.0,18.0,3.0,2.0,8.0,0.0,66.0,4.17222,무,평일,0.9576271186440678,0.9651162790697675,1.0,0.9473684210526315,0.75,0.6666666666666666,0.0
b7bbbdd5d04f1b1ba529c14c95f51979,2.0,0.0,0.0,0.0,48.0,0.0,0.0,8.0,6.0,2.0,0.0,0.0,70.0,64.0,50.0,49.0,3.0,2.0,13.0,9.0,13.0,3.0,7.0,0.0,34.0,3.88889,무,평일,0.9142857142857143,0.98,0.6666666666666666,0.6923076923076923,0.75,0.23076923076923078,0.0
77567244091cd21851de7441e5cb5cb1,0.0,0.0,0.0,0.0,86.0,1.0,2.0,5.0,4.0,1.0,0.0,0.0,124.0,112.0,97.0,91.0,3.0,2.0,23.0,19.0,12.0,7.0,14.0,2.0,48.0,3.83333,패,평일,0.9032258064516129,0.9381443298969072,0.6666666666666666,0.8260869565217391,0.8,0.5833333333333334,0.14285714285714285
dee658b8a4cdcf4ee50209fa73264eb4,0.0,0.0,0.0,0.0,85.0,2.0,1.0,8.0,7.0,4.0,0.0,0.0,128.0,117.0,96.0,92.0,4.0,2.0,17.0,14.0,12.0,6.0,10.0,0.0,52.0,4.5944400000000005,승,평일,0.9140625,0.9583333333333334,0.5,0.8235294117647058,0.875,0.5,0.0
0286fc88128c7aca079e2c6ce9c08c6b,0.0,0.0,0.0,0.0,87.0,1.0,0.0,7.0,7.0,4.0,0.0,0.0,114.0,104.0,89.0,85.0,2.0,1.0,22.0,18.0,8.0,8.0,10.0,1.0,54.0,4.52222,승,평일,0.9122807017543859,0.9550561797752809,0.5,0.8181818181818182,1.0,1.0,0.1
bdb62c49b7fccc16b97c2236b28aaa8b,0.0,0.0,0.0,0.0,69.0,5.0,0.0,11.0,9.0,2.0,0.0,0.0,124.0,108.0,85.0,77.0,8.0,4.0,15.0,14.0,8.0,5.0,10.0,0.0,46.0,3.9166700000000003,패,평일,0.8709677419354839,0.9058823529411765,0.5,0.9333333333333333,0.8181818181818182,0.625,0.0
25cda0b1f0b5b6aacf36616ed1c7f358,0.0,0.0,0.0,0.0,84.0,0.0,2.0,3.0,2.0,1.0,0.0,0.0,132.0,121.0,107.0,100.0,3.0,1.0,17.0,16.0,22.0,11.0,9.0,0.0,50.0,3.46111,패,평일,0.9166666666666666,0.9345794392523364,0.3333333333333333,0.9411764705882353,0.6666666666666666,0.5,0.0
494a70c6bba52b8b41b674bd36cbd50f,0.0,0.0,0.0,0.0,78.0,1.0,0.0,5.0,3.0,3.0,0.0,0.0,90.0,85.0,66.0,65.0,2.0,1.0,21.0,18.0,3.0,2.0,9.0,0.0,50.0,4.35556,승,평일,0.9444444444444444,0.9848484848484849,0.5,0.8571428571428571,0.6,0.6666666666666666,0.0
3c56ee987d9c8bcbacb38a72c81be4eb,0.0,0.0,0.0,0.0,74.0,3.0,0.0,10.0,8.0,3.0,0.0,0.0,103.0,94.0,67.0,64.0,8.0,5.0,23.0,22.0,12.0,6.0,7.0,0.0,54.0,4.62222,승,평일,0.912621359223301,0.9552238805970149,0.625,0.9565217391304348,0.8,0.5,0.0
56bd234abda48b9894e409daa9c1417e,2.0,0.0,0.0,0.0,77.0,1.0,1.0,2.0,2.0,0.0,0.0,0.0,129.0,117.0,84.0,80.0,3.0,1.0,33.0,30.0,9.0,5.0,11.0,0.0,46.0,3.54444,패,평일,0.9069767441860465,0.9523809523809523,0.3333333333333333,0.9090909090909091,1.0,0.5555555555555556,0.0
2d412f4492abfbcce5710e74f3fd4cae,2.0,0.0,0.0,0.0,52.0,0.0,1.0,4.0,4.0,1.0,0.0,0.0,80.0,65.0,54.0,47.0,2.0,0.0,18.0,15.0,24.0,12.0,6.0,1.0,39.0,4.05,무,평일,0.8125,0.8703703703703703,0.0,0.8333333333333334,1.0,0.5,0.16666666666666666
3b6b33066fd55ec0dd96b340aa6e1913,0.0,0.0,0.0,0.0,79.0,5.0,2.0,7.0,4.0,1.0,1.0,0.0,115.0,104.0,97.0,93.0,4.0,1.0,10.0,9.0,15.0,11.0,2.0,0.0,61.0,4.13889,무,평일,0.9043478260869565,0.9587628865979382,0.25,0.9,0.5714285714285714,0.7333333333333333,0.0
71692df3f8bd512882c0ad2e77b0320f,0.0,0.0,0.0,0.0,62.0,3.0,1.0,6.0,3.0,1.0,1.0,0.0,78.0,70.0,51.0,47.0,7.0,7.0,11.0,9.0,7.0,3.0,9.0,0.0,55.0,3.96111,무,평일,0.8974358974358975,0.9215686274509803,1.0,0.8181818181818182,0.5,0.42857142857142855,0.0
be4c71b42ad51e0ea8157e9451668d33,1.0,0.0,0.0,0.0,58.0,0.0,1.0,5.0,2.0,1.0,0.0,0.0,70.0,59.0,39.0,35.0,2.0,0.0,26.0,23.0,14.0,7.0,7.0,2.0,45.0,4.27778,무,평일,0.8428571428571429,0.8974358974358975,0.0,0.8846153846153846,0.4,0.5,0.2857142857142857
62182b513c02415cb32943d72b748e2a,1.0,0.0,0.0,0.0,73.0,2.0,2.0,6.0,6.0,1.0,0.0,0.0,114.0,101.0,90.0,81.0,3.0,2.0,17.0,15.0,9.0,6.0,9.0,1.0,48.0,3.86667,패,평일,0.8859649122807017,0.9,0.6666666666666666,0.8823529411764706,1.0,0.6666666666666666,0.1111111111111111
ed1f8f8c44249452b07ce9ec47c0fe76,1.0,0.0,0.0,0.0,96.0,1.0,0.0,5.0,3.0,2.0,0.0,0.0,134.0,125.0,110.0,104.0,3.0,2.0,19.0,19.0,7.0,6.0,7.0,1.0,52.0,4.31111,승,평일,0.9328358208955224,0.9454545454545454,0.6666666666666666,1.0,0.6,0.8571428571428571,0.14285714285714285
1af33bec785ee57aafd30a33687879fb,0.0,0.0,0.0,0.0,87.0,0.0,0.0,6.0,3.0,3.0,0.0,0.0,118.0,102.0,92.0,85.0,4.0,3.0,14.0,11.0,8.0,5.0,10.0,1.0,48.0,4.40556,승,평일,0.864406779661017,0.9239130434782609,0.75,0.7857142857142857,0.5,0.625,0.1
2341a429eda04cb0fb04186fb61066a9,1.0,0.0,0.0,0.0,74.0,0.0,1.0,7.0,3.0,2.0,0.0,0.0,106.0,89.0,66.0,61.0,6.0,1.0,24.0,18.0,16.0,8.0,9.0,1.0,52.0,3.96667,패,평일,0.839622641509434,0.9242424242424242,0.16666666666666666,0.75,0.42857142857142855,0.5,0.1111111111111111
3552ef16dca12307ac29fd41bf79d1ee,0.0,0.0,0.0,0.0,100.0,6.0,0.0,11.0,5.0,2.0,0.0,0.0,166.0,149.0,132.0,125.0,10.0,5.0,22.0,19.0,2.0,1.0,8.0,2.0,60.0,4.24444,패,평일,0.8975903614457831,0.946969696969697,0.5,0.8636363636363636,0.45454545454545453,0.5,0.25
e89f2ac5c96d20ba95d71697a9d3b46e,2.0,0.0,0.0,0.0,45.0,2.0,0.0,10.0,8.0,3.0,0.0,0.0,72.0,56.0,26.0,24.0,4.0,3.0,37.0,28.0,13.0,11.0,16.0,2.0,40.0,4.93889,승,평일,0.7777777777777778,0.9230769230769231,0.75,0.7567567567567568,0.8,0.8461538461538461,0.125
2a1339e189eff0e66e683fab95a54a27,0.0,0.0,0.0,0.0,101.0,2.0,1.0,4.0,4.0,1.0,0.0,0.0,135.0,121.0,72.0,70.0,6.0,1.0,51.0,45.0,7.0,5.0,7.0,0.0,55.0,3.98333,패,평일,0.8962962962962963,0.9722222222222222,0.16666666666666666,0.8823529411764706,1.0,0.7142857142857143,0.0
4e9d2e5a0a84538fec79529f6805ea73,0.0,0.0,0.0,0.0,69.0,1.0,4.0,3.0,3.0,2.0,0.0,0.0,115.0,106.0,87.0,85.0,1.0,0.0,25.0,20.0,12.0,7.0,11.0,1.0,45.0,4.22778,승,평일,0.9217391304347826,0.9770114942528736,0.0,0.8,1.0,0.5833333333333334,0.09090909090909091
936706df699f3defa8ae2461340c1bd0,1.0,0.0,0.0,0.0,70.0,3.0,0.0,17.0,10.0,5.0,0.0,0.0,106.0,99.0,74.0,71.0,9.0,7.0,22.0,20.0,8.0,6.0,7.0,1.0,53.0,4.76667,승,평일,0.9339622641509434,0.9594594594594594,0.7777777777777778,0.9090909090909091,0.5882352941176471,0.75,0.14285714285714285
f7963076c9815064c31975a2fb8a267e,0.0,0.0,0.0,0.0,67.0,1.0,2.0,9.0,6.0,1.0,0.0,0.0,102.0,90.0,59.0,53.0,5.0,4.0,35.0,31.0,3.0,1.0,16.0,2.0,47.0,3.5944400000000005,패,평일,0.8823529411764706,0.8983050847457628,0.8,0.8857142857142857,0.6666666666666666,0.3333333333333333,0.125
576ee2848ba44a7b0215508aa49c8058,0.0,0.0,0.0,0.0,57.0,5.0,0.0,10.0,10.0,2.0,0.0,0.0,92.0,86.0,70.0,68.0,7.0,6.0,13.0,10.0,7.0,4.0,8.0,0.0,41.0,4.05,패,평일,0.9347826086956522,0.9714285714285714,0.8571428571428571,0.7692307692307693,1.0,0.5714285714285714,0.0
8d02ebfde90f0a506c8661c50652e746,0.0,0.0,0.0,0.0,89.0,1.0,1.0,8.0,5.0,3.0,0.0,0.0,113.0,108.0,87.0,86.0,3.0,1.0,20.0,20.0,7.0,3.0,4.0,1.0,59.0,4.29444,승,평일,0.9557522123893806,0.9885057471264368,0.3333333333333333,1.0,0.625,0.42857142857142855,0.25
78bd4904e360e8f15281c765ad9069e1,0.0,0.0,0.0,0.0,99.0,2.0,1.0,8.0,4.0,2.0,0.0,0.0,154.0,144.0,127.0,124.0,4.0,3.0,22.0,16.0,3.0,3.0,11.0,1.0,52.0,4.25556,무,평일,0.935064935064935,0.9763779527559056,0.75,0.7272727272727273,0.5,1.0,0.09090909090909091
9d4d64dbc5059a01ccc444e5e689afb3,0.0,0.0,0.0,0.0,80.0,1.0,0.0,6.0,6.0,2.0,0.0,0.0,105.0,94.0,83.0,78.0,2.0,1.0,18.0,15.0,5.0,4.0,17.0,2.0,48.0,4.15,무,평일,0.8952380952380953,0.9397590361445783,0.5,0.8333333333333334,1.0,0.8,0.11764705882352941
d067eb2fc440758f08a05006b2d87c75,0.0,0.0,0.0,0.0,82.0,2.0,0.0,7.0,4.0,1.0,0.0,0.0,119.0,110.0,93.0,90.0,8.0,6.0,17.0,13.0,9.0,8.0,10.0,1.0,52.0,4.25,승,평일,0.9243697478991597,0.967741935483871,0.75,0.7647058823529411,0.5714285714285714,0.8888888888888888,0.1
fda929353e539c6f2d614d898398ccaa,0.0,0.0,0.0,0.0,77.0,0.0,1.0,4.0,1.0,0.0,0.0,0.0,110.0,102.0,84.0,79.0,7.0,7.0,11.0,10.0,3.0,3.0,6.0,2.0,48.0,3.82222,패,평일,0.9272727272727272,0.9404761904761905,1.0,0.9090909090909091,0.25,1.0,0.3333333333333333
2547b0a40cfca10c7267bfcce202554b,1.0,0.0,0.0,0.0,85.0,3.0,0.0,10.0,10.0,3.0,0.0,0.0,133.0,120.0,98.0,94.0,10.0,5.0,22.0,19.0,5.0,5.0,8.0,1.0,58.0,4.5,승,평일,0.9022556390977443,0.9591836734693877,0.5,0.8636363636363636,1.0,1.0,0.125
cf529f570ca9709ed8e4b7a61ed5bed3,0.0,0.0,0.0,0.0,52.0,1.0,0.0,5.0,5.0,2.0,0.0,0.0,85.0,70.0,65.0,60.0,2.0,1.0,16.0,8.0,11.0,6.0,7.0,1.0,42.0,3.9555599999999997,패,평일,0.8235294117647058,0.9230769230769231,0.5,0.5,1.0,0.5454545454545454,0.14285714285714285
2f5d88db7b2142fd7bc6bc37e827b74d,2.0,0.0,0.0,0.0,85.0,0.0,0.0,9.0,5.0,2.0,0.0,0.0,105.0,97.0,86.0,84.0,2.0,0.0,11.0,8.0,18.0,6.0,6.0,1.0,47.0,3.91111,패,평일,0.9238095238095239,0.9767441860465116,0.0,0.7272727272727273,0.5555555555555556,0.3333333333333333,0.16666666666666666
484903bbcb87ce0bf44d3b5a16737611,0.0,0.0,0.0,0.0,75.0,4.0,1.0,10.0,7.0,3.0,0.0,0.0,93.0,85.0,63.0,61.0,6.0,4.0,15.0,12.0,7.0,6.0,13.0,3.0,53.0,4.35,승,평일,0.9139784946236559,0.9682539682539683,0.6666666666666666,0.8,0.7,0.8571428571428571,0.23076923076923078
2448910fea950ad6423d61c826db98f9,1.0,0.0,0.0,0.0,71.0,1.0,0.0,11.0,9.0,3.0,0.0,0.0,119.0,106.0,89.0,83.0,1.0,1.0,28.0,22.0,8.0,7.0,8.0,0.0,51.0,4.02778,패,평일,0.8907563025210085,0.9325842696629213,1.0,0.7857142857142857,0.8181818181818182,0.875,0.0
bea16aa3655a02f97b0b748bc2511b95,0.0,1.0,0.0,0.0,74.0,0.0,0.0,10.0,8.0,5.0,0.0,0.0,97.0,88.0,76.0,69.0,1.0,1.0,19.0,18.0,6.0,3.0,8.0,0.0,49.0,4.51667,승,평일,0.9072164948453608,0.9078947368421053,1.0,0.9473684210526315,0.8,0.5,0.0
e6a0283d0aea1add1d8a62c246ea7fb3,1.0,0.0,0.0,0.0,65.0,3.0,0.0,8.0,5.0,4.0,0.0,0.0,84.0,70.0,52.0,50.0,9.0,3.0,19.0,15.0,6.0,5.0,11.0,1.0,54.0,4.38889,승,평일,0.8333333333333334,0.9615384615384616,0.3333333333333333,0.7894736842105263,0.625,0.8333333333333334,0.09090909090909091
e819375bc010d8bb9f9322d486375610,0.0,0.0,0.0,0.0,61.0,2.0,0.0,8.0,8.0,2.0,0.0,0.0,105.0,93.0,74.0,69.0,6.0,3.0,15.0,11.0,10.0,7.0,6.0,1.0,46.0,4.00556,패,평일,0.8857142857142857,0.9324324324324325,0.5,0.7333333333333333,1.0,0.7,0.16666666666666666
cabb7af244918c4c6d27bdbf3ea42aff,1.0,0.0,0.0,0.0,94.0,2.0,1.0,7.0,6.0,3.0,0.0,0.0,127.0,122.0,96.0,94.0,4.0,4.0,19.0,17.0,9.0,5.0,9.0,0.0,58.0,4.3,승,평일,0.9606299212598425,0.9791666666666666,1.0,0.8947368421052632,0.8571428571428571,0.5555555555555556,0.0
e29c3f249decb3074ad8f7a1d49c41a7,0.0,0.0,0.0,0.0,62.0,3.0,0.0,7.0,5.0,2.0,0.0,0.0,106.0,100.0,85.0,83.0,3.0,2.0,16.0,13.0,10.0,3.0,12.0,1.0,42.0,3.83333,패,평일,0.9433962264150944,0.9764705882352941,0.6666666666666666,0.8125,0.7142857142857143,0.3,0.08333333333333333
31aabccf0ad3e6aa6544089ee67d169f,0.0,0.0,0.0,0.0,48.0,0.0,2.0,9.0,6.0,4.0,0.0,0.0,59.0,55.0,35.0,34.0,4.0,3.0,18.0,17.0,19.0,12.0,10.0,0.0,48.0,4.36667,승,평일,0.9322033898305084,0.9714285714285714,0.75,0.9444444444444444,0.6666666666666666,0.631578947368421,0.0
cab5ad246f030eab4b45d0e86f3f04b8,0.0,0.0,0.0,0.0,63.0,5.0,0.0,7.0,5.0,2.0,0.0,0.0,86.0,71.0,61.0,57.0,8.0,1.0,13.0,13.0,4.0,3.0,4.0,1.0,52.0,3.7,패,평일,0.8255813953488372,0.9344262295081968,0.125,1.0,0.7142857142857143,0.75,0.25
1a08184a37a5de5c91df03d87ea2444e,2.0,0.0,0.0,1.0,85.0,3.0,0.0,11.0,8.0,4.0,0.0,0.0,117.0,103.0,78.0,70.0,6.0,3.0,30.0,28.0,6.0,3.0,11.0,1.0,58.0,4.61111,승,평일,0.8803418803418803,0.8974358974358975,0.5,0.9333333333333333,0.7272727272727273,0.5,0.09090909090909091
f449fa62febfe29681dd078057205e5f,0.0,1.0,0.0,0.0,65.0,1.0,0.0,9.0,7.0,1.0,0.0,0.0,78.0,68.0,48.0,45.0,6.0,1.0,23.0,21.0,11.0,4.0,12.0,0.0,42.0,3.5722199999999997,패,평일,0.8717948717948718,0.9375,0.16666666666666666,0.9130434782608695,0.7777777777777778,0.36363636363636365,0.0
52b7cc11937b2c2917a0c6ad21f8fbd8,0.0,0.0,0.0,0.0,62.0,2.0,1.0,10.0,7.0,4.0,0.0,0.0,99.0,89.0,62.0,58.0,7.0,5.0,28.0,26.0,19.0,8.0,5.0,0.0,50.0,4.50556,승,평일,0.898989898989899,0.9354838709677419,0.7142857142857143,0.9285714285714286,0.7,0.42105263157894735,0.0
826ae270c6d8933797bcaf183f9c0431,1.0,0.0,0.0,0.0,57.0,3.0,1.0,4.0,3.0,1.0,0.0,0.0,77.0,63.0,44.0,38.0,10.0,4.0,23.0,21.0,17.0,6.0,5.0,0.0,50.0,3.56667,패,평일,0.8181818181818182,0.8636363636363636,0.4,0.9130434782608695,0.75,0.35294117647058826,0.0
03cfe138f87467b99e7e3ef84381846f,0.0,0.0,0.0,0.0,65.0,2.0,0.0,6.0,5.0,3.0,0.0,0.0,130.0,115.0,90.0,86.0,6.0,2.0,31.0,26.0,15.0,6.0,9.0,2.0,50.0,4.03333,패,평일,0.8846153846153846,0.9555555555555556,0.3333333333333333,0.8387096774193549,0.8333333333333334,0.4,0.2222222222222222
63d0e7bb127a7aaea5fe794eb8af286d,0.0,0.0,0.0,0.0,98.0,1.0,1.0,11.0,9.0,4.0,0.0,0.0,122.0,113.0,90.0,88.0,3.0,1.0,28.0,24.0,12.0,7.0,6.0,0.0,50.0,4.41111,승,평일,0.9262295081967213,0.9777777777777777,0.3333333333333333,0.8571428571428571,0.8181818181818182,0.5833333333333334,0.0
7120370fbfcb86b7507c4313fe74226d,0.0,0.0,0.0,0.0,85.0,5.0,1.0,11.0,9.0,4.0,0.0,0.0,123.0,112.0,97.0,94.0,8.0,6.0,11.0,7.0,2.0,1.0,7.0,0.0,53.0,4.26667,승,평일,0.9105691056910569,0.9690721649484536,0.75,0.6363636363636364,0.8181818181818182,0.5,0.0
a1ec5a3b24667b7128abffbdcb02f868,0.0,0.0,0.0,0.0,77.0,0.0,0.0,4.0,4.0,3.0,0.0,0.0,103.0,97.0,85.0,82.0,3.0,2.0,11.0,9.0,7.0,4.0,6.0,0.0,47.0,3.93333,패,평일,0.941747572815534,0.9647058823529412,0.6666666666666666,0.8181818181818182,1.0,0.5714285714285714,0.0
d85bce7efb48ad7e7d41fd306adca33d,0.0,1.0,0.0,0.0,91.0,4.0,2.0,13.0,6.0,3.0,0.0,0.0,105.0,90.0,65.0,60.0,7.0,1.0,30.0,27.0,8.0,7.0,8.0,0.0,53.0,4.58889,승,평일,0.8571428571428571,0.9230769230769231,0.14285714285714285,0.9,0.46153846153846156,0.875,0.0
d9d8dfdd2add816ae9b98ddc89634b30,0.0,0.0,0.0,0.0,65.0,0.0,0.0,1.0,0.0,0.0,0.0,0.0,111.0,95.0,92.0,83.0,5.0,1.0,13.0,11.0,5.0,4.0,10.0,3.0,47.0,3.60556,패,평일,0.8558558558558559,0.9021739130434783,0.2,0.8461538461538461,0.0,0.8,0.3
5dc251fafef32774f54630684b523094,1.0,0.0,0.0,0.0,98.0,2.0,1.0,9.0,6.0,2.0,1.0,1.0,167.0,155.0,114.0,109.0,5.0,3.0,37.0,34.0,9.0,7.0,8.0,0.0,63.0,4.42778,승,평일,0.9281437125748503,0.956140350877193,0.6,0.918918918918919,0.6666666666666666,0.7777777777777778,0.0
610ae5825147a5a7a772431f7f078893,1.0,0.0,0.0,0.0,38.0,3.0,1.0,5.0,4.0,1.0,1.0,1.0,85.0,66.0,41.0,37.0,7.0,3.0,34.0,26.0,21.0,7.0,9.0,1.0,37.0,3.79444,패,평일,0.7764705882352941,0.9024390243902439,0.42857142857142855,0.7647058823529411,0.8,0.3333333333333333,0.1111111111111111
ba156622c96179b11ebeb83d962da4f3,0.0,0.0,0.0,0.0,83.0,0.0,0.0,3.0,3.0,3.0,0.0,0.0,116.0,101.0,67.0,62.0,6.0,5.0,24.0,20.0,19.0,13.0,14.0,1.0,51.0,4.41667,승,평일,0.8706896551724138,0.9253731343283582,0.8333333333333334,0.8333333333333334,1.0,0.6842105263157895,0.07142857142857142
f8fb96f098fb156e21a46f5dc998247c,0.0,0.0,0.0,0.0,89.0,0.0,0.0,5.0,3.0,1.0,0.0,0.0,111.0,102.0,87.0,84.0,1.0,0.0,20.0,16.0,8.0,7.0,6.0,0.0,49.0,3.75556,패,평일,0.918918918918919,0.9655172413793104,0.0,0.8,0.6,0.875,0.0
092109faa506a4c413c6d3043c3faff3,0.0,0.0,0.0,0.0,72.0,0.0,0.0,5.0,5.0,2.0,0.0,0.0,92.0,79.0,56.0,50.0,3.0,3.0,29.0,25.0,10.0,9.0,9.0,0.0,44.0,3.84444,패,평일,0.8586956521739131,0.8928571428571429,1.0,0.8620689655172413,1.0,0.9,0.0
e3560f4e1dbdf769e0f21f433b7455c4,0.0,0.0,0.0,0.0,93.0,1.0,1.0,6.0,5.0,4.0,0.0,0.0,118.0,109.0,76.0,71.0,1.0,0.0,41.0,38.0,3.0,3.0,5.0,0.0,56.0,4.41667,승,평일,0.923728813559322,0.9342105263157895,0.0,0.926829268292683,0.8333333333333334,1.0,0.0
097e77dda5b9e7af09c725cce373119c,1.0,0.0,0.0,0.0,63.0,0.0,1.0,9.0,6.0,6.0,0.0,0.0,93.0,85.0,65.0,61.0,8.0,5.0,18.0,18.0,5.0,3.0,8.0,1.0,45.0,4.70556,승,평일,0.9139784946236559,0.9384615384615385,0.625,1.0,0.6666666666666666,0.6,0.125
a28ff1550994b09da78d65dfa59e108b,0.0,0.0,0.0,0.0,70.0,1.0,0.0,5.0,4.0,1.0,0.0,0.0,140.0,128.0,107.0,101.0,7.0,3.0,24.0,23.0,7.0,3.0,7.0,0.0,55.0,3.46111,패,평일,0.9142857142857143,0.9439252336448598,0.42857142857142855,0.9583333333333334,0.8,0.42857142857142855,0.0
ae4a273d0bc541592ef9a0630591ad54,0.0,0.0,0.0,0.0,112.0,0.0,0.0,6.0,6.0,3.0,0.0,0.0,133.0,125.0,113.0,110.0,2.0,1.0,14.0,12.0,11.0,7.0,7.0,1.0,56.0,4.25556,승,평일,0.9398496240601504,0.9734513274336283,0.5,0.8571428571428571,1.0,0.6363636363636364,0.14285714285714285
d6729afd82234f0b5ec2380c7765a583,0.0,0.0,0.0,0.0,66.0,0.0,0.0,6.0,2.0,2.0,0.0,0.0,105.0,98.0,101.0,97.0,0.0,0.0,3.0,1.0,7.0,5.0,7.0,0.0,44.0,3.73889,패,평일,0.9333333333333333,0.9603960396039604,0.0,0.3333333333333333,0.3333333333333333,0.7142857142857143,0.0
8912a83020d67bd48f1bbe9c966396d0,1.0,0.0,0.0,0.0,91.0,4.0,0.0,5.0,3.0,1.0,0.0,0.0,137.0,124.0,112.0,109.0,13.0,4.0,10.0,9.0,11.0,9.0,6.0,0.0,59.0,4.31667,승,평일,0.9051094890510949,0.9732142857142857,0.3076923076923077,0.9,0.6,0.8181818181818182,0.0
dd1b456de36fcd4c76e6588720e9d16f,2.0,0.0,0.0,0.0,61.0,1.0,0.0,4.0,2.0,0.0,0.0,0.0,100.0,88.0,78.0,72.0,1.0,0.0,18.0,16.0,5.0,4.0,12.0,1.0,41.0,3.92222,패,평일,0.88,0.9230769230769231,0.0,0.8888888888888888,0.5,0.8,0.08333333333333333
94c80fa4897561ddd67730898aa7f3fa,1.0,0.0,0.0,0.0,71.0,4.0,0.0,11.0,9.0,3.0,0.0,0.0,105.0,95.0,81.0,77.0,7.0,2.0,15.0,14.0,9.0,5.0,7.0,2.0,49.0,4.26667,승,평일,0.9047619047619048,0.9506172839506173,0.2857142857142857,0.9333333333333333,0.8181818181818182,0.5555555555555556,0.2857142857142857
ba7aebb6c1ab1411d0c4ae88bc3a6cf9,2.0,0.0,0.0,1.0,71.0,1.0,0.0,8.0,5.0,2.0,0.0,0.0,88.0,80.0,64.0,61.0,8.0,4.0,14.0,14.0,9.0,2.0,10.0,1.0,51.0,4.05,패,평일,0.9090909090909091,0.953125,0.5,1.0,0.625,0.2222222222222222,0.1
c77b737d8024065326a6b112b165bbe8,1.0,0.0,0.0,0.0,76.0,1.0,1.0,4.0,3.0,1.0,0.0,0.0,108.0,94.0,75.0,70.0,4.0,1.0,18.0,16.0,11.0,7.0,8.0,0.0,52.0,4.30556,승,평일,0.8703703703703703,0.9333333333333333,0.25,0.8888888888888888,0.75,0.6363636363636364,0.0
ce94059b3f415ecfe1c854237556045d,1.0,0.0,0.0,0.0,70.0,5.0,1.0,6.0,4.0,0.0,0.0,0.0,83.0,69.0,60.0,55.0,7.0,4.0,4.0,3.0,7.0,2.0,12.0,1.0,48.0,3.75,패,평일,0.8313253012048193,0.9166666666666666,0.5714285714285714,0.75,0.6666666666666666,0.2857142857142857,0.08333333333333333
9d17a2a674a34e23085d2c4f97634d25,0.0,0.0,0.0,0.0,72.0,2.0,4.0,6.0,6.0,2.0,0.0,0.0,119.0,103.0,93.0,86.0,3.0,1.0,20.0,15.0,6.0,5.0,14.0,1.0,53.0,4.2,무,평일,0.865546218487395,0.9247311827956989,0.3333333333333333,0.75,1.0,0.8333333333333334,0.07142857142857142
c79e8c2d4851b00f1caf05530ea80fd5,0.0,0.0,0.0,0.0,64.0,4.0,0.0,10.0,6.0,2.0,0.0,0.0,87.0,72.0,41.0,38.0,8.0,1.0,38.0,33.0,15.0,10.0,11.0,1.0,47.0,4.19444,무,평일,0.8275862068965517,0.926829268292683,0.125,0.868421052631579,0.6,0.6666666666666666,0.09090909090909091
3a878ea1f97b66e3624e3fe83cce03bb,0.0,0.0,0.0,0.0,78.0,1.0,1.0,6.0,5.0,0.0,0.0,0.0,120.0,105.0,65.0,61.0,5.0,1.0,48.0,43.0,10.0,5.0,9.0,2.0,49.0,3.73889,패,평일,0.875,0.9384615384615385,0.2,0.8958333333333334,0.8333333333333334,0.5,0.2222222222222222
8ca81055559c0fcbfc2f385dee15655c,1.0,0.0,0.0,0.0,62.0,1.0,0.0,5.0,2.0,2.0,0.0,0.0,78.0,71.0,52.0,51.0,6.0,4.0,9.0,7.0,15.0,8.0,5.0,0.0,51.0,4.51667,승,평일,0.9102564102564102,0.9807692307692307,0.6666666666666666,0.7777777777777778,0.4,0.5333333333333333,0.0
1ffa394058cd1de2f1fc483d709be90f,0.0,0.0,0.0,0.0,89.0,2.0,0.0,8.0,5.0,2.0,0.0,0.0,128.0,117.0,116.0,109.0,3.0,0.0,9.0,8.0,26.0,11.0,7.0,1.0,62.0,4.34444,승,평일,0.9140625,0.9396551724137931,0.0,0.8888888888888888,0.625,0.4230769230769231,0.14285714285714285
4c0da03b0ca6d573e31e782ea58f92b1,1.0,0.0,0.0,0.0,80.0,2.0,0.0,7.0,6.0,1.0,0.0,0.0,90.0,77.0,58.0,54.0,3.0,2.0,26.0,21.0,15.0,8.0,10.0,1.0,38.0,3.90556,패,평일,0.8555555555555555,0.9310344827586207,0.6666666666666666,0.8076923076923077,0.8571428571428571,0.5333333333333333,0.1
028728c875e67d3cec2a573fd0b700d5,0.0,0.0,0.0,0.0,90.0,2.0,1.0,11.0,8.0,3.0,0.0,0.0,131.0,111.0,103.0,92.0,5.0,3.0,20.0,15.0,7.0,4.0,7.0,1.0,51.0,4.36111,승,평일,0.8473282442748091,0.8932038834951457,0.6,0.75,0.7272727272727273,0.5714285714285714,0.14285714285714285
3aa7a290f5a62949bd83fe4bda046b07,1.0,0.0,0.0,0.0,59.0,3.0,0.0,9.0,2.0,2.0,0.0,0.0,79.0,57.0,25.0,21.0,8.0,3.0,40.0,28.0,11.0,7.0,12.0,0.0,49.0,3.9944399999999995,패,평일,0.7215189873417721,0.84,0.375,0.7,0.2222222222222222,0.6363636363636364,0.0
97e198b961d3bb6d2b90f2900bf68279,1.0,0.0,0.0,0.0,65.0,6.0,0.0,5.0,4.0,2.0,0.0,0.0,94.0,79.0,63.0,58.0,11.0,5.0,17.0,16.0,10.0,4.0,9.0,2.0,44.0,3.87778,패,평일,0.8404255319148937,0.9206349206349206,0.45454545454545453,0.9411764705882353,0.8,0.4,0.2222222222222222
b663312c82290f9bdd352c9ec36588fd,1.0,0.0,0.0,0.0,71.0,3.0,0.0,10.0,7.0,3.0,0.0,0.0,89.0,81.0,62.0,59.0,7.0,3.0,14.0,13.0,8.0,5.0,6.0,0.0,56.0,4.25556,승,평일,0.9101123595505618,0.9516129032258065,0.42857142857142855,0.9285714285714286,0.7,0.625,0.0
3b5c290d7615ea7c9c6ded787c0bcb3e,1.0,0.0,0.0,0.0,41.0,1.0,1.0,5.0,2.0,0.0,0.0,0.0,78.0,58.0,43.0,40.0,6.0,2.0,15.0,8.0,8.0,6.0,11.0,0.0,43.0,3.75,패,평일,0.7435897435897436,0.9302325581395349,0.3333333333333333,0.5333333333333333,0.4,0.75,0.0
de507e108de8047aa535c85590ef8d41,0.0,0.0,0.0,0.0,80.0,2.0,1.0,11.0,6.0,1.0,1.0,1.0,151.0,141.0,130.0,127.0,9.0,5.0,11.0,9.0,8.0,7.0,6.0,0.0,57.0,4.42222,승,평일,0.9337748344370861,0.9769230769230769,0.5555555555555556,0.8181818181818182,0.5454545454545454,0.875,0.0
21c2f527bf16ed257b157ef09914e82f,2.0,0.0,0.0,0.0,74.0,4.0,0.0,9.0,8.0,2.0,0.0,0.0,102.0,96.0,73.0,70.0,7.0,5.0,21.0,20.0,23.0,11.0,5.0,0.0,54.0,4.13333,승,평일,0.9411764705882353,0.958904109589041,0.7142857142857143,0.9523809523809523,0.8888888888888888,0.4782608695652174,0.0
da6c053ce44675af7eafe3ad7bbee371,1.0,0.0,0.0,0.0,59.0,0.0,2.0,1.0,1.0,1.0,0.0,0.0,76.0,72.0,69.0,65.0,0.0,0.0,5.0,5.0,18.0,9.0,8.0,0.0,46.0,3.74444,패,평일,0.9473684210526315,0.9420289855072463,0.0,1.0,1.0,0.5,0.0
c2769a014ad90ebaa35fb6ab4eb254bb,0.0,0.0,0.0,0.0,73.0,0.0,0.0,3.0,1.0,1.0,0.0,0.0,128.0,113.0,97.0,92.0,6.0,3.0,20.0,15.0,9.0,4.0,11.0,1.0,50.0,3.86111,패,평일,0.8828125,0.9484536082474226,0.5,0.75,0.3333333333333333,0.4444444444444444,0.09090909090909091
e82bcf28c9bc2efc453c4303e1b62ad3,0.0,0.0,0.0,0.0,70.0,1.0,0.0,8.0,6.0,3.0,0.0,0.0,105.0,94.0,75.0,69.0,6.0,2.0,15.0,15.0,12.0,6.0,8.0,0.0,50.0,4.41111,승,평일,0.8952380952380953,0.92,0.3333333333333333,1.0,0.75,0.5,0.0
327b23e654ceb5d807607a8ad55ea86f,2.0,0.0,0.0,1.0,45.0,4.0,1.0,10.0,6.0,3.0,0.0,0.0,42.0,26.0,11.0,8.0,21.0,9.0,8.0,7.0,18.0,11.0,9.0,0.0,52.0,4.43889,승,평일,0.6190476190476191,0.7272727272727273,0.42857142857142855,0.875,0.6,0.6111111111111112,0.0
b7c894f904c3e2ad8750e36beb003592,0.0,0.0,0.0,0.0,72.0,0.0,1.0,2.0,1.0,1.0,0.0,0.0,89.0,82.0,67.0,65.0,1.0,0.0,17.0,15.0,5.0,4.0,12.0,1.0,53.0,4.18889,승,평일,0.9213483146067416,0.9701492537313433,0.0,0.8823529411764706,0.5,0.8,0.08333333333333333
d6baec4895a1650b111af5cebd264bf3,0.0,1.0,0.0,0.0,84.0,5.0,3.0,7.0,6.0,0.0,0.0,0.0,104.0,96.0,76.0,73.0,6.0,2.0,18.0,18.0,9.0,5.0,2.0,0.0,47.0,3.87778,패,평일,0.9230769230769231,0.9605263157894737,0.3333333333333333,1.0,0.8571428571428571,0.5555555555555556,0.0
0dc0c31dfd1ef7a0cdefd69214f7b642,1.0,0.0,0.0,0.0,63.0,6.0,0.0,14.0,11.0,3.0,0.0,0.0,92.0,79.0,54.0,49.0,18.0,11.0,14.0,13.0,9.0,5.0,17.0,2.0,47.0,4.28889,승,평일,0.8586956521739131,0.9074074074074074,0.6111111111111112,0.9285714285714286,0.7857142857142857,0.5555555555555556,0.11764705882352941
1a9544e9ef3cb70f705ee9e0d7449d3d,2.0,0.0,0.0,0.0,70.0,1.0,1.0,10.0,7.0,2.0,0.0,0.0,93.0,88.0,79.0,75.0,1.0,0.0,4.0,4.0,14.0,7.0,10.0,0.0,53.0,4.00556,패,평일,0.946236559139785,0.9493670886075949,0.0,1.0,0.7,0.5,0.0
2106e16db01537f80e0c71ac6e8b7062,2.0,0.0,0.0,0.0,60.0,1.0,0.0,5.0,2.0,1.0,0.0,0.0,79.0,72.0,61.0,58.0,6.0,3.0,11.0,11.0,14.0,5.0,15.0,0.0,46.0,3.93333,무,평일,0.9113924050632911,0.9508196721311475,0.5,1.0,0.4,0.35714285714285715,0.0
6776342496099426b69bba5e4e3e20c3,1.0,0.0,0.0,0.0,79.0,0.0,1.0,3.0,2.0,1.0,0.0,0.0,105.0,94.0,73.0,69.0,0.0,0.0,31.0,25.0,7.0,5.0,2.0,0.0,54.0,4.02222,무,평일,0.8952380952380953,0.9452054794520548,0.0,0.8064516129032258,0.6666666666666666,0.7142857142857143,0.0
9c9312b2bfebf2cb09a691de06ee3cc2,0.0,0.0,0.0,0.0,65.0,0.0,2.0,6.0,6.0,3.0,1.0,0.0,89.0,80.0,58.0,54.0,4.0,1.0,21.0,19.0,5.0,3.0,7.0,1.0,43.0,4.01111,무,평일,0.898876404494382,0.9310344827586207,0.25,0.9047619047619048,1.0,0.6,0.14285714285714285
c82f40d53b72872b781d6fdbbeabe655,1.0,0.0,0.0,0.0,80.0,1.0,0.0,10.0,9.0,3.0,0.0,0.0,110.0,99.0,85.0,82.0,6.0,1.0,16.0,15.0,7.0,2.0,10.0,0.0,57.0,4.14444,무,평일,0.9,0.9647058823529412,0.16666666666666666,0.9375,0.9,0.2857142857142857,0.0
1603da16779746da315896a5cab1b7ab,0.0,0.0,0.0,0.0,69.0,1.0,2.0,1.0,1.0,0.0,0.0,0.0,98.0,84.0,66.0,63.0,6.0,2.0,24.0,19.0,7.0,4.0,7.0,1.0,47.0,4.08333,무,평일,0.8571428571428571,0.9545454545454546,0.3333333333333333,0.7916666666666666,1.0,0.5714285714285714,0.14285714285714285
1a9d59d5efdddae1741c5f0753e7a360,1.0,0.0,0.0,0.0,67.0,3.0,1.0,6.0,2.0,0.0,0.0,0.0,114.0,105.0,96.0,92.0,7.0,4.0,7.0,7.0,13.0,6.0,3.0,0.0,53.0,4.05,무,평일,0.9210526315789473,0.9583333333333334,0.5714285714285714,1.0,0.3333333333333333,0.46153846153846156,0.0
0ad92d576d7c2d2fbbe69c9625e97fb7,1.0,0.0,0.0,0.0,58.0,5.0,0.0,9.0,8.0,2.0,0.0,0.0,117.0,104.0,95.0,90.0,7.0,3.0,14.0,11.0,11.0,7.0,3.0,0.0,49.0,4.17222,패,평일,0.8888888888888888,0.9473684210526315,0.42857142857142855,0.7857142857142857,0.8888888888888888,0.6363636363636364,0.0
883f8ef541e8d5e94fe8367fe1a72dd4,0.0,0.0,0.0,0.0,66.0,6.0,0.0,8.0,4.0,3.0,0.0,0.0,98.0,85.0,62.0,60.0,14.0,7.0,12.0,12.0,8.0,4.0,14.0,1.0,51.0,4.31667,승,평일,0.8673469387755102,0.967741935483871,0.5,1.0,0.5,0.5,0.07142857142857142
3f937c0c02280db48f222a3c04c2dc4e,1.0,0.0,0.0,0.0,64.0,0.0,3.0,7.0,6.0,4.0,0.0,0.0,122.0,107.0,87.0,81.0,5.0,2.0,29.0,24.0,10.0,6.0,13.0,0.0,50.0,4.17778,무,평일,0.8770491803278688,0.9310344827586207,0.4,0.8275862068965517,0.8571428571428571,0.6,0.0
d0fdb4d6734dcd75ca98f5bb71b982b6,1.0,0.0,0.0,1.0,73.0,2.0,0.0,11.0,8.0,4.0,0.0,0.0,124.0,116.0,69.0,66.0,3.0,3.0,42.0,40.0,13.0,7.0,9.0,0.0,50.0,5.37778,무,평일,0.9354838709677419,0.9565217391304348,1.0,0.9523809523809523,0.7272727272727273,0.5384615384615384,0.0
5ff5a0e98a5c5abf4c5db8ccd0c3cd65,0.0,0.0,0.0,0.0,77.0,1.0,0.0,6.0,5.0,3.0,0.0,0.0,113.0,98.0,78.0,74.0,6.0,3.0,23.0,18.0,3.0,3.0,7.0,2.0,50.0,4.36111,승,평일,0.8672566371681416,0.9487179487179487,0.5,0.782608695652174,0.8333333333333334,1.0,0.2857142857142857
96b7ed5972acb73dd697490b15a8976d,1.0,0.0,0.0,0.0,68.0,1.0,2.0,9.0,6.0,2.0,0.0,0.0,96.0,82.0,78.0,71.0,3.0,1.0,12.0,8.0,12.0,5.0,8.0,0.0,50.0,3.8888900000000004,패,평일,0.8541666666666666,0.9102564102564102,0.3333333333333333,0.6666666666666666,0.6666666666666666,0.4166666666666667,0.0
4118f76d823c41fd8fdfabe4405daccf,1.0,2.0,0.0,0.0,72.0,0.0,1.0,4.0,4.0,4.0,1.0,1.0,102.0,97.0,74.0,71.0,1.0,1.0,24.0,22.0,13.0,7.0,8.0,1.0,52.0,4.12222,승,평일,0.9509803921568627,0.9594594594594594,1.0,0.9166666666666666,1.0,0.5384615384615384,0.125
d83945a53a9ef14a58d2011115918486,1.0,0.0,0.0,0.0,84.0,1.0,0.0,9.0,5.0,3.0,0.0,0.0,106.0,92.0,80.0,73.0,2.0,2.0,21.0,17.0,21.0,13.0,10.0,0.0,48.0,4.03333,패,평일,0.8679245283018868,0.9125,1.0,0.8095238095238095,0.5555555555555556,0.6190476190476191,0.0
6fdf7530a51e68258886c60d624dde11,1.0,0.0,0.0,0.0,66.0,2.0,0.0,9.0,7.0,4.0,0.0,0.0,82.0,75.0,60.0,56.0,6.0,4.0,13.0,12.0,13.0,6.0,7.0,0.0,49.0,4.5,승,평일,0.9146341463414634,0.9333333333333333,0.6666666666666666,0.9230769230769231,0.7777777777777778,0.46153846153846156,0.0
a9e1333f834e8565af8a1f9286e9f493,0.0,0.0,0.0,0.0,62.0,2.0,0.0,11.0,4.0,1.0,1.0,0.0,73.0,66.0,59.0,56.0,6.0,4.0,7.0,5.0,4.0,2.0,8.0,1.0,51.0,3.52778,패,평일,0.9041095890410958,0.9491525423728814,0.6666666666666666,0.7142857142857143,0.36363636363636365,0.5,0.125
1a0da4c58d8e0b2a417480c46f1e0852,1.0,0.0,0.0,0.0,48.0,0.0,0.0,2.0,1.0,1.0,0.0,0.0,78.0,63.0,59.0,50.0,1.0,1.0,15.0,12.0,24.0,12.0,9.0,1.0,44.0,3.7,패,평일,0.8076923076923077,0.847457627118644,1.0,0.8,0.5,0.5,0.1111111111111111
6d8c3d19b45ec71dd5de187058c3b998,1.0,0.0,0.0,0.0,65.0,4.0,1.0,10.0,7.0,3.0,0.0,0.0,58.0,45.0,26.0,22.0,5.0,2.0,24.0,21.0,9.0,9.0,4.0,0.0,56.0,4.32222,승,평일,0.7758620689655172,0.8461538461538461,0.4,0.875,0.7,1.0,0.0
5ff7482af86c77333eda9f6f966f0ecd,2.0,1.0,0.0,0.0,65.0,3.0,0.0,6.0,5.0,1.0,1.0,0.0,105.0,95.0,91.0,85.0,5.0,1.0,7.0,7.0,12.0,8.0,8.0,0.0,49.0,3.81667,패,평일,0.9047619047619048,0.9340659340659341,0.2,1.0,0.8333333333333334,0.6666666666666666,0.0
b2752f81a7616a931916cc309c3e2457,3.0,0.0,0.0,0.0,67.0,3.0,0.0,8.0,6.0,3.0,0.0,0.0,112.0,96.0,79.0,74.0,10.0,5.0,19.0,17.0,6.0,4.0,8.0,1.0,51.0,4.30556,승,평일,0.8571428571428571,0.9367088607594937,0.5,0.8947368421052632,0.75,0.6666666666666666,0.125
4a03fab7d5463236e6e9c84a9e027eb9,0.0,0.0,0.0,0.0,78.0,1.0,0.0,8.0,6.0,4.0,0.0,0.0,119.0,111.0,87.0,85.0,6.0,5.0,24.0,21.0,2.0,2.0,15.0,2.0,51.0,4.38889,승,평일,0.9327731092436975,0.9770114942528736,0.8333333333333334,0.875,0.75,1.0,0.13333333333333333
e5996db677456893e24417a7eda0d473,0.0,0.0,0.0,0.0,61.0,5.0,2.0,10.0,5.0,3.0,0.0,0.0,92.0,78.0,72.0,67.0,4.0,1.0,13.0,7.0,19.0,7.0,5.0,0.0,49.0,3.89444,패,평일,0.8478260869565217,0.9305555555555556,0.25,0.5384615384615384,0.5,0.3684210526315789,0.0
0dcf36639c4d429a24210a6ee07f24c2,1.0,0.0,0.0,0.0,77.0,1.0,0.0,10.0,5.0,4.0,0.0,0.0,100.0,89.0,55.0,50.0,4.0,2.0,27.0,23.0,11.0,5.0,5.0,0.0,57.0,4.45556,승,평일,0.89,0.9090909090909091,0.5,0.8518518518518519,0.5,0.45454545454545453,0.0
413bc21698384ddde9da6c9225211e13,0.0,0.0,0.0,0.0,69.0,0.0,1.0,3.0,3.0,2.0,0.0,0.0,98.0,84.0,77.0,69.0,5.0,3.0,12.0,10.0,9.0,3.0,10.0,1.0,43.0,3.76111,패,평일,0.8571428571428571,0.8961038961038961,0.6,0.8333333333333334,1.0,0.3333333333333333,0.1
134e0cd1565d600dd3d3d041180e5c4a,1.0,0.0,0.0,0.0,53.0,3.0,0.0,9.0,5.0,0.0,0.0,0.0,86.0,74.0,47.0,44.0,10.0,6.0,29.0,24.0,21.0,13.0,10.0,1.0,51.0,3.60556,패,평일,0.8604651162790697,0.9361702127659575,0.6,0.8275862068965517,0.5555555555555556,0.6190476190476191,0.1
e39a14f08873678717a4ae9b137e15a9,1.0,0.0,0.0,0.0,57.0,3.0,1.0,12.0,6.0,2.0,0.0,0.0,63.0,55.0,26.0,24.0,5.0,5.0,30.0,24.0,10.0,7.0,9.0,2.0,49.0,4.33333,승,평일,0.873015873015873,0.9230769230769231,1.0,0.8,0.5,0.7,0.2222222222222222
0e94d8b0f404f559fff92c04579733ac,0.0,0.0,0.0,0.0,70.0,2.0,0.0,3.0,3.0,1.0,0.0,0.0,113.0,106.0,76.0,74.0,3.0,1.0,34.0,31.0,6.0,3.0,9.0,1.0,44.0,3.6,패,평일,0.9380530973451328,0.9736842105263158,0.3333333333333333,0.9117647058823529,1.0,0.5,0.1111111111111111
dc05af90080aaea9e18cde8965c7dcb7,0.0,1.0,0.0,0.0,85.0,4.0,3.0,13.0,9.0,7.0,0.0,0.0,104.0,96.0,63.0,62.0,12.0,9.0,17.0,15.0,6.0,5.0,1.0,0.0,56.0,5.02778,승,평일,0.9230769230769231,0.9841269841269841,0.75,0.8823529411764706,0.6923076923076923,0.8333333333333334,0.0
597f5dbd27f43606ba4ed7586c4bfc51,1.0,0.0,0.0,1.0,65.0,4.0,0.0,11.0,10.0,3.0,0.0,0.0,92.0,76.0,50.0,45.0,7.0,3.0,27.0,24.0,22.0,10.0,7.0,0.0,50.0,4.35,승,평일,0.8260869565217391,0.9,0.42857142857142855,0.8888888888888888,0.9090909090909091,0.45454545454545453,0.0
8bc3a6f5a0455357fd13c13d41b7c1ad,1.0,0.0,0.0,0.0,74.0,0.0,0.0,2.0,2.0,2.0,0.0,0.0,106.0,92.0,83.0,76.0,2.0,1.0,15.0,10.0,18.0,4.0,13.0,0.0,50.0,3.95556,패,평일,0.8679245283018868,0.9156626506024096,0.5,0.6666666666666666,1.0,0.2222222222222222,0.0
0d28e78a8bc270913059cb2201a0b6f2,0.0,0.0,0.0,0.0,82.0,1.0,0.0,7.0,6.0,4.0,0.0,0.0,105.0,89.0,59.0,57.0,3.0,1.0,39.0,28.0,9.0,7.0,9.0,1.0,53.0,4.18333,무,평일,0.8476190476190476,0.9661016949152542,0.3333333333333333,0.717948717948718,0.8571428571428571,0.7777777777777778,0.1111111111111111
d0ab9abfbefbd6b4faef4fe4eb362c89,0.0,0.0,0.0,0.0,71.0,4.0,0.0,10.0,9.0,4.0,0.0,0.0,123.0,112.0,94.0,86.0,5.0,4.0,21.0,20.0,4.0,3.0,8.0,0.0,47.0,4.31111,무,평일,0.9105691056910569,0.9148936170212766,0.8,0.9523809523809523,0.9,0.75,0.0
5fc714183d6c6667e015dca28ab9ac6d,0.0,1.0,0.0,0.0,98.0,2.0,1.0,11.0,7.0,1.0,0.0,0.0,138.0,126.0,102.0,98.0,5.0,3.0,29.0,25.0,6.0,4.0,9.0,0.0,57.0,4.22778,무,평일,0.9130434782608695,0.9607843137254902,0.6,0.8620689655172413,0.6363636363636364,0.6666666666666666,0.0
9e940d325ef91c2bdf24af83afe6e5e6,0.0,0.0,0.0,0.0,61.0,0.0,0.0,3.0,1.0,1.0,0.0,0.0,82.0,66.0,58.0,55.0,6.0,2.0,13.0,8.0,12.0,7.0,8.0,1.0,43.0,3.95556,무,평일,0.8048780487804879,0.9482758620689655,0.3333333333333333,0.6153846153846154,0.3333333333333333,0.5833333333333334,0.125
04cb07f63919567c1ca73fb712ddb986,1.0,1.0,0.0,0.0,96.0,2.0,1.0,14.0,8.0,6.0,0.0,0.0,113.0,110.0,95.0,94.0,1.0,0.0,15.0,14.0,12.0,9.0,8.0,0.0,58.0,4.5,승,평일,0.9734513274336283,0.9894736842105263,0.0,0.9333333333333333,0.5714285714285714,0.75,0.0
92d5b7ed8e729ab43b2ad397dd8b1f4d,1.0,0.0,0.0,0.0,82.0,0.0,1.0,7.0,5.0,5.0,0.0,0.0,133.0,120.0,100.0,93.0,2.0,2.0,25.0,22.0,13.0,7.0,18.0,4.0,42.0,4.23333,패,평일,0.9022556390977443,0.93,1.0,0.88,0.7142857142857143,0.5384615384615384,0.2222222222222222
3b1aa2e516723a6a6f0e93e917893255,3.0,0.0,0.0,0.0,74.0,0.0,1.0,5.0,5.0,5.0,0.0,0.0,81.0,73.0,59.0,56.0,1.0,0.0,20.0,17.0,11.0,8.0,12.0,1.0,43.0,4.32778,승,평일,0.9012345679012346,0.9491525423728814,0.0,0.85,1.0,0.7272727272727273,0.08333333333333333
627daf496eafa4ed91b7dc81f3d8f236,0.0,0.0,0.0,0.0,93.0,3.0,0.0,6.0,6.0,3.0,0.0,0.0,129.0,120.0,98.0,96.0,5.0,1.0,21.0,18.0,9.0,4.0,4.0,0.0,57.0,3.9,패,평일,0.9302325581395349,0.9795918367346939,0.2,0.8571428571428571,1.0,0.4444444444444444,0.0
c140b00e203ad2e508037151ec1036ef,1.0,0.0,0.0,0.0,100.0,5.0,0.0,11.0,9.0,2.0,0.0,0.0,152.0,144.0,112.0,110.0,11.0,6.0,26.0,25.0,8.0,4.0,9.0,0.0,63.0,4.6,승,평일,0.9473684210526315,0.9821428571428571,0.5454545454545454,0.9615384615384616,0.8181818181818182,0.5,0.0
ec47d5513ad3b0f5344e30510ae0388b,0.0,0.0,0.0,0.0,52.0,0.0,1.0,2.0,1.0,0.0,0.0,0.0,71.0,59.0,55.0,48.0,5.0,2.0,10.0,9.0,8.0,3.0,15.0,1.0,37.0,3.32778,패,평일,0.8309859154929577,0.8727272727272727,0.4,0.9,0.5,0.375,0.06666666666666667
1a17fa4d72c853530976a2070bb91d95,0.0,0.0,0.0,0.0,99.0,1.0,2.0,6.0,5.0,2.0,0.0,0.0,128.0,121.0,89.0,89.0,7.0,2.0,29.0,27.0,2.0,2.0,9.0,0.0,59.0,4.1,무,평일,0.9453125,1.0,0.2857142857142857,0.9310344827586207,0.8333333333333334,1.0,0.0
86e57ce652abffe2ee8bc0fce3be7e1b,0.0,0.0,0.0,0.0,58.0,1.0,0.0,4.0,3.0,2.0,0.0,0.0,85.0,74.0,69.0,62.0,1.0,0.0,15.0,12.0,3.0,1.0,10.0,1.0,41.0,3.86111,무,평일,0.8705882352941177,0.8985507246376812,0.0,0.8,0.75,0.3333333333333333,0.1
739eaf7bc390a25d2948810918c9fb58,0.0,0.0,0.0,0.0,76.0,3.0,0.0,14.0,11.0,3.0,0.0,0.0,96.0,83.0,56.0,53.0,8.0,3.0,30.0,27.0,7.0,4.0,10.0,0.0,50.0,4.62222,승,평일,0.8645833333333334,0.9464285714285714,0.375,0.9,0.7857142857142857,0.5714285714285714,0.0
9f3939af0f892708e58666f573f3e672,1.0,0.0,0.0,0.0,59.0,2.0,0.0,9.0,4.0,0.0,0.0,0.0,86.0,70.0,47.0,40.0,5.0,1.0,31.0,27.0,20.0,11.0,12.0,1.0,50.0,3.5833300000000006,패,평일,0.813953488372093,0.851063829787234,0.2,0.8709677419354839,0.4444444444444444,0.55,0.08333333333333333
620ce84256a0bae2b05f3c991234f05a,1.0,0.0,0.0,0.0,49.0,2.0,0.0,10.0,10.0,5.0,0.0,0.0,90.0,73.0,36.0,32.0,9.0,5.0,44.0,36.0,11.0,5.0,15.0,2.0,42.0,4.64444,승,평일,0.8111111111111111,0.8888888888888888,0.5555555555555556,0.8181818181818182,1.0,0.45454545454545453,0.13333333333333333
f33ae23cb03af0cece262a11c2ad6253,4.0,0.0,0.0,1.0,88.0,2.0,1.0,11.0,7.0,2.0,0.0,0.0,142.0,124.0,95.0,85.0,1.0,1.0,38.0,34.0,12.0,3.0,6.0,0.0,58.0,3.9888899999999996,패,평일,0.8732394366197183,0.8947368421052632,1.0,0.8947368421052632,0.6363636363636364,0.25,0.0
2fa250422f04545c26652d5363f7a926,0.0,0.0,0.0,0.0,60.0,0.0,2.0,2.0,0.0,0.0,0.0,0.0,108.0,95.0,93.0,83.0,0.0,0.0,12.0,9.0,5.0,4.0,12.0,0.0,47.0,3.41667,패,평일,0.8796296296296297,0.8924731182795699,0.0,0.75,0.0,0.8,0.0
caf7a813237808680941e268329c17ce,0.0,0.0,0.0,0.0,82.0,1.0,1.0,5.0,4.0,3.0,0.0,0.0,117.0,104.0,57.0,54.0,8.0,5.0,42.0,36.0,11.0,4.0,9.0,1.0,53.0,4.57222,승,평일,0.8888888888888888,0.9473684210526315,0.625,0.8571428571428571,0.8,0.36363636363636365,0.1111111111111111
2fa44e716e8426c7d5408e873114cb49,1.0,0.0,0.0,0.0,54.0,2.0,0.0,9.0,5.0,2.0,0.0,0.0,66.0,51.0,38.0,32.0,5.0,3.0,19.0,13.0,16.0,9.0,9.0,0.0,44.0,4.06667,승,평일,0.7727272727272727,0.8421052631578947,0.6,0.6842105263157895,0.5555555555555556,0.5625,0.0
833eca94ee36b5944d3fe964e58ae495,1.0,1.0,0.0,0.0,81.0,0.0,0.0,5.0,4.0,2.0,0.0,0.0,98.0,80.0,28.0,24.0,4.0,2.0,60.0,51.0,15.0,7.0,5.0,0.0,56.0,4.07778,패,평일,0.8163265306122449,0.8571428571428571,0.5,0.85,0.8,0.4666666666666667,0.0
72ba44ca417f90eee598d54b1aa555ae,0.0,0.0,0.0,0.0,81.0,2.0,0.0,5.0,5.0,1.0,0.0,0.0,88.0,81.0,62.0,61.0,4.0,1.0,16.0,14.0,13.0,9.0,11.0,2.0,47.0,3.88333,패,평일,0.9204545454545454,0.9838709677419355,0.25,0.875,1.0,0.6923076923076923,0.18181818181818182
c922a7dda939479c60ddc1c32b392b65,0.0,0.0,0.0,0.0,71.0,0.0,1.0,5.0,5.0,2.0,0.0,0.0,100.0,87.0,64.0,58.0,3.0,1.0,27.0,23.0,13.0,8.0,12.0,3.0,53.0,4.33333,승,평일,0.87,0.90625,0.3333333333333333,0.8518518518518519,1.0,0.6153846153846154,0.25
431d1b91a4b4f9c0f1abf2954d62b79c,2.0,0.0,0.0,0.0,78.0,1.0,1.0,5.0,4.0,1.0,0.0,0.0,131.0,120.0,87.0,85.0,1.0,1.0,40.0,34.0,11.0,9.0,10.0,0.0,51.0,3.72222,패,평일,0.916030534351145,0.9770114942528736,1.0,0.85,0.8,0.8181818181818182,0.0
9299cced5731f4c8981599296d5af6e1,1.0,1.0,0.0,1.0,66.0,0.0,0.0,5.0,4.0,4.0,0.0,0.0,113.0,100.0,82.0,75.0,2.0,1.0,22.0,20.0,16.0,9.0,6.0,0.0,49.0,4.89444,승,평일,0.8849557522123894,0.9146341463414634,0.5,0.9090909090909091,0.8,0.5625,0.0
1e832534729746d6fc05688c9e3a6fc4,0.0,0.0,0.0,0.0,68.0,0.0,1.0,1.0,1.0,1.0,0.0,0.0,104.0,90.0,78.0,71.0,4.0,0.0,16.0,13.0,18.0,12.0,3.0,0.0,42.0,3.88889,패,평일,0.8653846153846154,0.9102564102564102,0.0,0.8125,1.0,0.6666666666666666,0.0
dfd3a3f0a533149acc5b1af347dbee4a,0.0,0.0,0.0,0.0,107.0,2.0,0.0,4.0,3.0,2.0,0.0,0.0,166.0,153.0,98.0,97.0,4.0,1.0,61.0,55.0,8.0,5.0,5.0,0.0,58.0,4.33889,승,평일,0.9216867469879518,0.9897959183673469,0.25,0.9016393442622951,0.75,0.625,0.0
12d73e135a2d58316a9681036234719e,1.0,0.0,0.0,0.0,83.0,2.0,0.0,9.0,6.0,2.0,0.0,0.0,113.0,101.0,90.0,86.0,3.0,0.0,18.0,15.0,12.0,7.0,7.0,0.0,51.0,4.09444,무,평일,0.8938053097345132,0.9555555555555556,0.0,0.8333333333333334,0.6666666666666666,0.5833333333333334,0.0
4056888a3a0749a8b8104c57ce7089ab,1.0,0.0,0.0,0.0,69.0,0.0,1.0,3.0,2.0,2.0,0.0,0.0,115.0,96.0,93.0,81.0,4.0,1.0,15.0,13.0,13.0,7.0,6.0,1.0,49.0,4.02778,무,평일,0.8347826086956521,0.8709677419354839,0.25,0.8666666666666667,0.6666666666666666,0.5384615384615384,0.16666666666666666
866c2809515ee751ca4ec43c7a0cafb1,0.0,0.0,0.0,0.0,86.0,0.0,0.0,1.0,1.0,0.0,0.0,0.0,113.0,99.0,87.0,80.0,1.0,1.0,19.0,16.0,12.0,6.0,6.0,0.0,52.0,3.83333,패,평일,0.8761061946902655,0.9195402298850575,1.0,0.8421052631578947,1.0,0.5,0.0
bcb7433198cc326df5f505c7d115f273,1.0,0.0,0.0,0.0,83.0,0.0,0.0,1.0,1.0,1.0,0.0,0.0,123.0,109.0,82.0,75.0,1.0,1.0,38.0,33.0,21.0,10.0,6.0,0.0,48.0,4.21111,승,평일,0.8861788617886179,0.9146341463414634,1.0,0.868421052631579,1.0,0.47619047619047616,0.0
856e62de2d0aa35aa81b95838f118a83,1.0,0.0,0.0,0.0,67.0,4.0,0.0,8.0,8.0,2.0,0.0,0.0,106.0,88.0,62.0,57.0,7.0,3.0,34.0,27.0,19.0,15.0,11.0,0.0,47.0,4.23333,무,평일,0.8301886792452831,0.9193548387096774,0.42857142857142855,0.7941176470588235,1.0,0.7894736842105263,0.0
d7c4e6f27f3f1957a013d034e94defac,0.0,0.0,0.0,0.0,72.0,0.0,0.0,6.0,3.0,2.0,0.0,0.0,123.0,110.0,82.0,77.0,2.0,2.0,27.0,24.0,14.0,8.0,4.0,0.0,53.0,4.26111,무,평일,0.8943089430894309,0.9390243902439024,1.0,0.8888888888888888,0.5,0.5714285714285714,0.0
5dae76257c0afce4766f7fb892e09715,2.0,0.0,0.0,1.0,45.0,3.0,0.0,5.0,3.0,0.0,0.0,0.0,58.0,51.0,41.0,39.0,3.0,1.0,14.0,11.0,13.0,6.0,17.0,3.0,43.0,3.5,패,평일,0.8793103448275862,0.9512195121951219,0.3333333333333333,0.7857142857142857,0.6,0.46153846153846156,0.17647058823529413
cafd9650ee1eef8bd9f3da05eb8a738b,0.0,2.0,0.0,0.0,116.0,2.0,1.0,10.0,7.0,3.0,0.0,0.0,141.0,131.0,122.0,118.0,2.0,0.0,13.0,10.0,13.0,10.0,6.0,0.0,57.0,4.7,승,평일,0.9290780141843972,0.9672131147540983,0.0,0.7692307692307693,0.7,0.7692307692307693,0.0
a4a16054a9d9d85bbb0a13ca9474b1a8,3.0,0.0,0.0,1.0,64.0,8.0,1.0,15.0,9.0,2.0,0.0,0.0,95.0,86.0,67.0,64.0,10.0,5.0,17.0,17.0,21.0,9.0,8.0,1.0,58.0,4.44444,승,평일,0.9052631578947369,0.9552238805970149,0.5,1.0,0.6,0.42857142857142855,0.125
de4d3c498f8fa19d8b95f194bfb9f723,1.0,1.0,0.0,0.0,68.0,1.0,0.0,4.0,1.0,0.0,0.0,0.0,97.0,76.0,48.0,42.0,1.0,0.0,44.0,33.0,9.0,7.0,17.0,1.0,42.0,3.67778,패,평일,0.7835051546391752,0.875,0.0,0.75,0.25,0.7777777777777778,0.058823529411764705
9d3a9f90df798416b2f2ffea91887f00,1.0,0.0,0.0,0.0,78.0,1.0,0.0,4.0,3.0,1.0,0.0,0.0,116.0,95.0,66.0,62.0,12.0,3.0,38.0,30.0,9.0,7.0,7.0,1.0,51.0,4.06667,패,평일,0.8189655172413793,0.9393939393939394,0.25,0.7894736842105263,0.75,0.7777777777777778,0.14285714285714285
be5147170f36c4f42b74abdc3b2719d9,0.0,0.0,0.0,0.0,79.0,3.0,1.0,11.0,8.0,2.0,0.0,0.0,105.0,93.0,61.0,57.0,6.0,3.0,32.0,28.0,6.0,5.0,7.0,0.0,49.0,4.36667,승,평일,0.8857142857142857,0.9344262295081968,0.5,0.875,0.7272727272727273,0.8333333333333334,0.0
472d7ca53d6abda107088733074b2e10,0.0,0.0,0.0,0.0,80.0,1.0,3.0,19.0,14.0,11.0,0.0,0.0,102.0,94.0,80.0,76.0,1.0,0.0,20.0,18.0,30.0,22.0,2.0,0.0,58.0,5.25,승,평일,0.9215686274509803,0.95,0.0,0.9,0.7368421052631579,0.7333333333333333,0.0
60ef10234b347f6de5b8f974ffc2ee6e,0.0,0.0,0.0,0.0,104.0,4.0,2.0,9.0,9.0,4.0,0.0,0.0,139.0,129.0,100.0,94.0,10.0,10.0,25.0,23.0,1.0,1.0,8.0,0.0,61.0,5.69444,승,평일,0.9280575539568345,0.94,1.0,0.92,1.0,1.0,0.0
6d8ac9b0ccab45804fa3c15f07e62bc9,1.0,0.0,0.0,0.0,52.0,1.0,1.0,8.0,4.0,3.0,0.0,0.0,72.0,64.0,53.0,52.0,10.0,4.0,5.0,5.0,18.0,8.0,11.0,1.0,39.0,3.98333,패,평일,0.8888888888888888,0.9811320754716981,0.4,1.0,0.5,0.4444444444444444,0.09090909090909091
74acf65d475609e0c2db7d05af4bd604,0.0,0.0,0.0,0.0,96.0,2.0,1.0,5.0,4.0,1.0,0.0,0.0,114.0,109.0,102.0,100.0,3.0,2.0,8.0,6.0,5.0,2.0,8.0,0.0,59.0,4.21111,승,평일,0.956140350877193,0.9803921568627451,0.6666666666666666,0.75,0.8,0.4,0.0
d704aa0bf89df808772d9b721499f5c6,0.0,0.0,0.0,0.0,60.0,2.0,0.0,4.0,3.0,0.0,0.0,0.0,69.0,60.0,47.0,45.0,5.0,1.0,16.0,13.0,23.0,8.0,12.0,2.0,41.0,3.67222,패,평일,0.8695652173913043,0.9574468085106383,0.2,0.8125,0.75,0.34782608695652173,0.16666666666666666
1a3a1277195bde2b9c67fc70c57cecf1,1.0,0.0,0.0,0.0,79.0,1.0,1.0,6.0,5.0,2.0,0.0,0.0,100.0,88.0,71.0,67.0,6.0,3.0,18.0,15.0,7.0,3.0,8.0,1.0,55.0,4.44444,승,평일,0.88,0.9436619718309859,0.5,0.8333333333333334,0.8333333333333334,0.42857142857142855,0.125
5993bed8e7eefcfe79e351923f203231,1.0,0.0,0.0,0.0,70.0,1.0,1.0,9.0,4.0,0.0,0.0,0.0,86.0,77.0,64.0,62.0,3.0,1.0,18.0,13.0,12.0,7.0,8.0,0.0,45.0,3.76667,패,평일,0.8953488372093024,0.96875,0.3333333333333333,0.7222222222222222,0.4444444444444444,0.5833333333333334,0.0
2173256aac840fe95b75aaef5819b4da,1.0,0.0,0.0,0.0,90.0,0.0,1.0,6.0,3.0,3.0,0.0,0.0,109.0,96.0,81.0,78.0,3.0,1.0,23.0,17.0,9.0,6.0,4.0,1.0,55.0,4.49444,승,평일,0.8807339449541285,0.9629629629629629,0.3333333333333333,0.7391304347826086,0.5,0.6666666666666666,0.25
eaeb675ffdccb4d3b233335a3931a85f,3.0,0.0,0.0,0.0,70.0,3.0,1.0,7.0,3.0,0.0,0.0,0.0,89.0,80.0,74.0,69.0,5.0,2.0,9.0,8.0,6.0,4.0,1.0,0.0,45.0,3.26667,패,평일,0.898876404494382,0.9324324324324325,0.4,0.8888888888888888,0.42857142857142855,0.6666666666666666,0.0
289d75117af57a55a9308dc3aea7c8f9,0.0,0.0,0.0,0.0,57.0,2.0,1.0,6.0,4.0,1.0,0.0,0.0,80.0,69.0,48.0,46.0,4.0,0.0,19.0,15.0,13.0,11.0,4.0,0.0,45.0,3.84444,패,평일,0.8625,0.9583333333333334,0.0,0.7894736842105263,0.6666666666666666,0.8461538461538461,0.0
806cb7f900f8b983f41db65769e79b5b,0.0,0.0,0.0,0.0,85.0,1.0,0.0,4.0,4.0,2.0,0.0,0.0,108.0,103.0,91.0,90.0,4.0,1.0,13.0,12.0,4.0,3.0,11.0,0.0,55.0,4.26667,승,평일,0.9537037037037037,0.989010989010989,0.25,0.9230769230769231,1.0,0.75,0.0
6cb42978ed740cae48de81cadcebc435,0.0,0.0,0.0,0.0,94.0,7.0,2.0,11.0,7.0,2.0,0.0,0.0,110.0,100.0,79.0,78.0,11.0,5.0,18.0,17.0,3.0,2.0,5.0,0.0,55.0,4.23889,승,평일,0.9090909090909091,0.9873417721518988,0.45454545454545453,0.9444444444444444,0.6363636363636364,0.6666666666666666,0.0
a91a53057e092fd8e5b762db6c0ed6de,0.0,1.0,0.0,0.0,55.0,1.0,1.0,5.0,3.0,1.0,0.0,0.0,116.0,105.0,68.0,63.0,5.0,2.0,43.0,40.0,9.0,6.0,14.0,2.0,45.0,3.8555599999999997,패,평일,0.9051724137931034,0.9264705882352942,0.4,0.9302325581395349,0.6,0.6666666666666666,0.14285714285714285
5ea3e9b89734d29a49e5c2ed098b9991,0.0,0.0,0.0,0.0,98.0,0.0,1.0,6.0,4.0,2.0,0.0,0.0,112.0,108.0,85.0,83.0,3.0,2.0,17.0,16.0,7.0,5.0,4.0,1.0,63.0,4.15,승,평일,0.9642857142857143,0.9764705882352941,0.6666666666666666,0.9411764705882353,0.6666666666666666,0.7142857142857143,0.25
aaa979ff05d84ef7547011615c7181d6,0.0,0.0,0.0,0.0,58.0,1.0,1.0,2.0,1.0,1.0,0.0,0.0,89.0,78.0,65.0,59.0,5.0,2.0,15.0,14.0,17.0,7.0,8.0,0.0,37.0,3.68333,패,평일,0.8764044943820225,0.9076923076923077,0.4,0.9333333333333333,0.5,0.4117647058823529,0.0
430082c07cc3c966531eb31959094b4a,1.0,0.0,0.0,0.0,82.0,3.0,1.0,8.0,7.0,1.0,0.0,0.0,101.0,92.0,75.0,70.0,12.0,9.0,13.0,12.0,9.0,6.0,9.0,1.0,50.0,3.97778,패,평일,0.9108910891089109,0.9333333333333333,0.75,0.9230769230769231,0.875,0.6666666666666666,0.1111111111111111
b42d49e4bb4e57ddb673df138db3e0e9,0.0,0.0,0.0,0.0,78.0,3.0,0.0,6.0,6.0,2.0,0.0,0.0,89.0,84.0,72.0,71.0,7.0,5.0,8.0,7.0,2.0,2.0,10.0,2.0,50.0,4.26111,승,평일,0.9438202247191011,0.9861111111111112,0.7142857142857143,0.875,1.0,1.0,0.2
89eb58a15383ffb8670fb6275ce318d6,1.0,0.0,0.0,0.0,70.0,4.0,1.0,20.0,17.0,2.0,0.0,0.0,102.0,95.0,78.0,75.0,5.0,3.0,15.0,14.0,20.0,14.0,6.0,0.0,56.0,4.2,무,평일,0.9313725490196079,0.9615384615384616,0.6,0.9333333333333333,0.85,0.7,0.0
ece43b1e08fa7d79a5191aa72937d3f4,0.0,1.0,0.0,0.0,80.0,1.0,2.0,7.0,5.0,2.0,0.0,0.0,107.0,102.0,88.0,84.0,2.0,2.0,12.0,12.0,18.0,8.0,24.0,3.0,44.0,4.19444,무,평일,0.9532710280373832,0.9545454545454546,1.0,1.0,0.7142857142857143,0.4444444444444444,0.125
426cae86f3d7442b92bc7804767f8afb,2.0,0.0,0.0,0.0,76.0,1.0,0.0,7.0,4.0,3.0,0.0,0.0,99.0,85.0,72.0,66.0,3.0,2.0,23.0,16.0,26.0,14.0,11.0,0.0,47.0,4.13889,무,평일,0.8585858585858586,0.9166666666666666,0.6666666666666666,0.6956521739130435,0.5714285714285714,0.5384615384615384,0.0
78e0d86b0e40ad75acd3c6154bd446d6,1.0,0.0,0.0,0.0,58.0,4.0,1.0,7.0,5.0,3.0,2.0,2.0,81.0,73.0,58.0,54.0,4.0,3.0,17.0,16.0,12.0,7.0,8.0,0.0,53.0,4.02778,무,평일,0.9012345679012346,0.9310344827586207,0.75,0.9411764705882353,0.7142857142857143,0.5833333333333334,0.0
2f7783b6f020d6541bd675db4435fb10,0.0,0.0,0.0,0.0,95.0,0.0,0.0,9.0,8.0,3.0,0.0,0.0,112.0,103.0,93.0,90.0,4.0,3.0,13.0,10.0,5.0,2.0,9.0,1.0,49.0,4.35,승,평일,0.9196428571428571,0.967741935483871,0.75,0.7692307692307693,0.8888888888888888,0.4,0.1111111111111111
fd4d08c54b603177ef47178a2789633c,1.0,0.0,0.0,0.0,74.0,1.0,0.0,8.0,6.0,2.0,0.0,0.0,123.0,106.0,76.0,73.0,7.0,5.0,36.0,25.0,19.0,12.0,9.0,2.0,51.0,4.06667,패,평일,0.8617886178861789,0.9605263157894737,0.7142857142857143,0.6944444444444444,0.75,0.631578947368421,0.2222222222222222
1dc623c2f0c3c3cecb811c1d77fd592b,0.0,0.0,0.0,0.0,80.0,3.0,0.0,10.0,7.0,2.0,0.0,0.0,116.0,103.0,89.0,82.0,7.0,5.0,17.0,14.0,13.0,9.0,6.0,1.0,53.0,4.06111,패,평일,0.8879310344827587,0.9213483146067416,0.7142857142857143,0.8235294117647058,0.7,0.6923076923076923,0.16666666666666666
cd5d0fe8d6f3082b52f74113db74f9b5,1.0,0.0,0.0,0.0,73.0,3.0,0.0,6.0,6.0,3.0,0.0,0.0,107.0,94.0,78.0,73.0,2.0,0.0,19.0,15.0,2.0,2.0,11.0,0.0,47.0,4.32222,승,평일,0.8785046728971962,0.9358974358974359,0.0,0.7894736842105263,1.0,1.0,0.0
0b3b9474c909ca1ad31bcb0ecedab20e,0.0,0.0,0.0,0.0,78.0,0.0,0.0,7.0,6.0,2.0,0.0,0.0,90.0,88.0,74.0,73.0,2.0,2.0,10.0,10.0,5.0,4.0,9.0,0.0,51.0,4.0,패,평일,0.9777777777777777,0.9864864864864865,1.0,1.0,0.8571428571428571,0.8,0.0
7ed926c5061bec238730c36fa294cc02,4.0,0.0,0.0,0.0,78.0,1.0,0.0,6.0,6.0,3.0,0.0,0.0,152.0,144.0,134.0,129.0,2.0,1.0,15.0,13.0,19.0,9.0,5.0,0.0,49.0,4.12778,승,평일,0.9473684210526315,0.9626865671641791,0.5,0.8666666666666667,1.0,0.47368421052631576,0.0
9459737de7a9f8289305e60b1676920f,0.0,0.0,0.0,0.0,72.0,1.0,1.0,10.0,6.0,1.0,0.0,0.0,100.0,88.0,78.0,73.0,2.0,2.0,18.0,12.0,6.0,4.0,7.0,0.0,53.0,4.0,패,평일,0.88,0.9358974358974359,1.0,0.6666666666666666,0.6,0.6666666666666666,0.0
a39c3611b032e85613b55ac6bdae1e43,2.0,0.0,0.0,0.0,70.0,4.0,0.0,11.0,9.0,2.0,0.0,0.0,89.0,82.0,52.0,50.0,11.0,10.0,25.0,22.0,7.0,3.0,7.0,1.0,47.0,4.40556,승,평일,0.9213483146067416,0.9615384615384616,0.9090909090909091,0.88,0.8181818181818182,0.42857142857142855,0.14285714285714285
d2f94f11656bed8d938aff0f27f0996d,2.0,0.0,0.0,1.0,72.0,3.0,2.0,5.0,2.0,0.0,0.0,0.0,87.0,68.0,47.0,41.0,4.0,2.0,30.0,22.0,19.0,10.0,4.0,1.0,46.0,3.84444,패,평일,0.7816091954022989,0.8723404255319149,0.5,0.7333333333333333,0.4,0.5263157894736842,0.25
eaad0e27a62a61160f43ef600bdf0891,4.0,0.0,0.0,2.0,83.0,4.0,0.0,11.0,8.0,1.0,0.0,0.0,102.0,91.0,60.0,60.0,9.0,4.0,31.0,26.0,19.0,9.0,3.0,0.0,54.0,4.38889,승,평일,0.8921568627450981,1.0,0.4444444444444444,0.8387096774193549,0.7272727272727273,0.47368421052631576,0.0
202449f3c0a27fc0b85593d2423f1164,0.0,0.0,0.0,0.0,87.0,2.0,0.0,3.0,2.0,1.0,0.0,0.0,129.0,115.0,97.0,93.0,9.0,2.0,21.0,20.0,11.0,3.0,8.0,0.0,55.0,3.4500000000000006,패,평일,0.8914728682170543,0.9587628865979382,0.2222222222222222,0.9523809523809523,0.6666666666666666,0.2727272727272727,0.0
838e25b4af363937efb1ffaf27a40763,0.0,1.0,0.0,0.0,43.0,4.0,0.0,15.0,11.0,5.0,0.0,0.0,78.0,73.0,54.0,54.0,15.0,13.0,6.0,5.0,8.0,5.0,13.0,0.0,45.0,4.76111,승,평일,0.9358974358974359,1.0,0.8666666666666667,0.8333333333333334,0.7333333333333333,0.625,0.0
11affa4471e68443a2422bfb4eff9a81,0.0,1.0,0.0,0.0,78.0,0.0,4.0,8.0,7.0,3.0,0.0,0.0,110.0,99.0,95.0,88.0,0.0,0.0,12.0,10.0,12.0,10.0,7.0,0.0,56.0,3.78889,패,평일,0.9,0.9263157894736842,0.0,0.8333333333333334,0.875,0.8333333333333334,0.0
8e74cfccb3ba8bb8347a074dc04e8e1c,1.0,1.0,0.0,0.0,64.0,0.0,0.0,6.0,5.0,5.0,0.0,0.0,90.0,80.0,63.0,58.0,4.0,3.0,19.0,18.0,24.0,8.0,5.0,1.0,44.0,4.34444,승,평일,0.8888888888888888,0.9206349206349206,0.75,0.9473684210526315,0.8333333333333334,0.3333333333333333,0.2
9d119b1b19662641741e0d0ea3f3dcae,1.0,0.0,0.0,0.0,72.0,3.0,0.0,17.0,13.0,7.0,0.0,0.0,74.0,69.0,64.0,60.0,4.0,3.0,6.0,6.0,22.0,15.0,8.0,0.0,57.0,4.8555600000000005,승,평일,0.9324324324324325,0.9375,0.75,1.0,0.7647058823529411,0.6818181818181818,0.0
c09fdda0f863362cb0b985ef5261aca8,2.0,0.0,0.0,1.0,52.0,2.0,0.0,7.0,4.0,0.0,0.0,0.0,62.0,52.0,20.0,17.0,4.0,3.0,37.0,32.0,21.0,7.0,24.0,1.0,43.0,3.22778,패,평일,0.8387096774193549,0.85,0.75,0.8648648648648649,0.5714285714285714,0.3333333333333333,0.041666666666666664
94487eea4a98b4a0ff63e92bbba55eee,0.0,1.0,0.0,0.0,62.0,1.0,2.0,4.0,3.0,0.0,0.0,0.0,79.0,68.0,33.0,30.0,5.0,1.0,38.0,35.0,13.0,8.0,16.0,1.0,41.0,3.0499999999999994,패,평일,0.8607594936708861,0.9090909090909091,0.2,0.9210526315789473,0.75,0.6153846153846154,0.0625
d3d82835934ffe523f35c6fdc2220fd5,0.0,1.0,0.0,0.0,87.0,2.0,1.0,10.0,9.0,5.0,0.0,0.0,126.0,119.0,91.0,89.0,3.0,0.0,31.0,30.0,7.0,6.0,8.0,1.0,59.0,4.89444,승,평일,0.9444444444444444,0.978021978021978,0.0,0.967741935483871,0.9,0.8571428571428571,0.125
a130d447631f1605a65708d04428f859,2.0,0.0,0.0,2.0,52.0,0.0,0.0,3.0,3.0,2.0,0.0,0.0,68.0,61.0,34.0,33.0,5.0,2.0,29.0,26.0,10.0,5.0,12.0,0.0,42.0,3.7555600000000005,패,평일,0.8970588235294118,0.9705882352941176,0.4,0.896551724137931,1.0,0.5,0.0
e3ff135214d5898e60adae4be2ead947,0.0,0.0,0.0,0.0,94.0,2.0,0.0,8.0,6.0,3.0,0.0,0.0,123.0,109.0,85.0,81.0,2.0,0.0,30.0,25.0,4.0,4.0,6.0,1.0,58.0,4.24444,승,평일,0.8861788617886179,0.9529411764705882,0.0,0.8333333333333334,0.75,1.0,0.16666666666666666
ae1ba4802ca52df23ab7faaf8f705dbd,0.0,0.0,0.0,0.0,54.0,2.0,0.0,9.0,5.0,1.0,0.0,0.0,61.0,51.0,51.0,45.0,5.0,2.0,5.0,4.0,7.0,4.0,14.0,1.0,46.0,3.89444,패,평일,0.8360655737704918,0.8823529411764706,0.4,0.8,0.5555555555555556,0.5714285714285714,0.07142857142857142
b9d82debf6d40d4e610bc7986a785362,1.0,0.0,0.0,0.0,101.0,4.0,1.0,10.0,5.0,2.0,0.0,0.0,119.0,107.0,97.0,93.0,12.0,6.0,8.0,8.0,5.0,5.0,7.0,0.0,54.0,4.36667,승,평일,0.8991596638655462,0.9587628865979382,0.5,1.0,0.5,1.0,0.0
22574c09a92e741b521e8a87c045cb10,2.0,0.0,0.0,1.0,69.0,2.0,0.0,9.0,6.0,3.0,0.0,0.0,76.0,65.0,38.0,35.0,4.0,1.0,34.0,29.0,22.0,10.0,13.0,1.0,42.0,4.12778,무,평일,0.8552631578947368,0.9210526315789473,0.25,0.8529411764705882,0.6666666666666666,0.45454545454545453,0.07692307692307693
4453c9b2f10c8a1f43c438235e5694af,0.0,0.0,0.0,0.0,110.0,2.0,1.0,8.0,4.0,3.0,0.0,0.0,131.0,119.0,103.0,101.0,5.0,2.0,16.0,14.0,6.0,3.0,12.0,0.0,58.0,4.17778,무,평일,0.9083969465648855,0.9805825242718447,0.4,0.875,0.5,0.5,0.0
27e805b00ad682a837dd4c73c96b4d24,0.0,0.0,0.0,0.0,108.0,0.0,0.0,3.0,3.0,2.0,0.0,0.0,138.0,130.0,101.0,101.0,4.0,1.0,29.0,24.0,6.0,5.0,15.0,3.0,59.0,3.94444,패,평일,0.9420289855072463,1.0,0.25,0.8275862068965517,1.0,0.8333333333333334,0.2
29e3b7f2646d102c6581ec97cde33076,0.0,0.0,0.0,0.0,65.0,1.0,0.0,6.0,5.0,3.0,0.0,0.0,82.0,73.0,58.0,56.0,3.0,2.0,16.0,13.0,4.0,4.0,5.0,0.0,41.0,4.22778,승,평일,0.8902439024390244,0.9655172413793104,0.6666666666666666,0.8125,0.8333333333333334,1.0,0.0
db1c51a45459e8c7a1be2eef554c044a,0.0,0.0,0.0,0.0,80.0,1.0,1.0,6.0,3.0,2.0,0.0,0.0,105.0,91.0,67.0,64.0,10.0,5.0,21.0,18.0,17.0,8.0,4.0,2.0,46.0,4.19444,승,평일,0.8666666666666667,0.9552238805970149,0.5,0.8571428571428571,0.5,0.47058823529411764,0.5
ea5e5889702136c78582be2ced3e9732,2.0,0.0,0.0,0.0,78.0,0.0,0.0,3.0,2.0,1.0,0.0,0.0,113.0,101.0,86.0,81.0,10.0,7.0,10.0,7.0,13.0,10.0,9.0,0.0,54.0,3.86111,패,평일,0.8938053097345132,0.9418604651162791,0.7,0.7,0.6666666666666666,0.7692307692307693,0.0
0712d322e60ec9b14cdda13c77dd8ce5,0.0,0.0,0.0,0.0,53.0,1.0,0.0,4.0,3.0,0.0,0.0,0.0,80.0,74.0,55.0,53.0,7.0,6.0,13.0,10.0,9.0,6.0,4.0,0.0,43.0,3.57222,패,평일,0.925,0.9636363636363636,0.8571428571428571,0.7692307692307693,0.75,0.6666666666666666,0.0
6d17dfd26aa69c9377fdb73793087b37,0.0,0.0,0.0,0.0,94.0,2.0,1.0,1.0,1.0,1.0,0.0,0.0,120.0,112.0,80.0,78.0,4.0,3.0,34.0,30.0,2.0,2.0,8.0,0.0,57.0,4.28333,승,평일,0.9333333333333333,0.975,0.75,0.8823529411764706,1.0,1.0,0.0
2262e9b1039541323831a15d47618b42,0.0,0.0,0.0,0.0,75.0,0.0,1.0,4.0,2.0,1.0,0.0,0.0,90.0,83.0,78.0,74.0,3.0,3.0,6.0,4.0,7.0,3.0,7.0,1.0,44.0,3.85556,무,평일,0.9222222222222223,0.9487179487179487,1.0,0.6666666666666666,0.5,0.42857142857142855,0.14285714285714285
292e72fcd314d4575c06f8d2ccfe8e2e,1.0,0.0,0.0,0.0,76.0,1.0,0.0,5.0,2.0,1.0,0.0,0.0,110.0,105.0,66.0,64.0,6.0,4.0,32.0,31.0,7.0,4.0,6.0,0.0,56.0,3.97778,무,평일,0.9545454545454546,0.9696969696969697,0.6666666666666666,0.96875,0.4,0.5714285714285714,0.0
59e593e35cd749b1a6b2d2401ff3a599,0.0,0.0,0.0,0.0,61.0,2.0,0.0,7.0,6.0,2.0,0.0,0.0,74.0,64.0,54.0,51.0,4.0,0.0,13.0,10.0,2.0,2.0,8.0,1.0,45.0,4.06667,무,평일,0.8648648648648649,0.9444444444444444,0.0,0.7692307692307693,0.8571428571428571,1.0,0.125
72da02a727b1f04d71bf662d2683d98b,0.0,0.0,0.0,0.0,81.0,0.0,0.0,11.0,8.0,2.0,0.0,0.0,92.0,84.0,63.0,57.0,6.0,4.0,15.0,15.0,10.0,5.0,12.0,0.0,55.0,4.74444,무,평일,0.9130434782608695,0.9047619047619048,0.6666666666666666,1.0,0.7272727272727273,0.5,0.0
37f32d02ada58679635c59bc3a1f43c5,0.0,0.0,0.0,0.0,64.0,0.0,0.0,4.0,3.0,2.0,0.0,0.0,94.0,85.0,70.0,66.0,5.0,3.0,19.0,16.0,5.0,3.0,4.0,1.0,52.0,4.22778,승,평일,0.9042553191489362,0.9428571428571428,0.6,0.8421052631578947,0.75,0.6,0.25
e38437f4a7dc63db19c1cfdc062a0703,0.0,0.0,0.0,0.0,77.0,1.0,1.0,7.0,4.0,1.0,0.0,0.0,118.0,106.0,96.0,92.0,5.0,2.0,12.0,9.0,3.0,2.0,4.0,0.0,48.0,3.89444,패,평일,0.8983050847457628,0.9583333333333334,0.4,0.75,0.5714285714285714,0.6666666666666666,0.0
7e6d9402f05476856e65c10eb2b5a24f,0.0,0.0,0.0,0.0,49.0,0.0,0.0,3.0,2.0,1.0,0.0,0.0,71.0,61.0,45.0,40.0,2.0,0.0,23.0,20.0,8.0,4.0,18.0,1.0,40.0,3.92222,무,평일,0.8591549295774648,0.8888888888888888,0.0,0.8695652173913043,0.6666666666666666,0.5,0.05555555555555555
e4a7b4220b51c8e50b4e59e7642a8cdb,0.0,0.0,0.0,0.0,91.0,6.0,0.0,10.0,7.0,1.0,0.0,0.0,127.0,114.0,105.0,100.0,6.0,2.0,13.0,11.0,10.0,8.0,9.0,0.0,60.0,4.22778,무,평일,0.8976377952755905,0.9523809523809523,0.3333333333333333,0.8461538461538461,0.7,0.8,0.0
a829820e301d0e94159807cc38ea5dee,1.0,0.0,0.0,1.0,59.0,0.0,0.0,2.0,2.0,1.0,0.0,0.0,67.0,56.0,41.0,36.0,5.0,0.0,21.0,20.0,5.0,4.0,11.0,1.0,41.0,3.8,무,평일,0.835820895522388,0.8780487804878049,0.0,0.9523809523809523,1.0,0.8,0.09090909090909091
d534ca6514459bcfba2a69c4ec41dc02,1.0,0.0,0.0,1.0,80.0,1.0,1.0,3.0,3.0,1.0,0.0,0.0,129.0,118.0,101.0,94.0,5.0,3.0,22.0,20.0,8.0,3.0,3.0,1.0,59.0,4.15,무,평일,0.9147286821705426,0.9306930693069307,0.6,0.9090909090909091,1.0,0.375,0.3333333333333333
4753bce426cfcb16646b7698f1bb1149,1.0,0.0,0.0,0.0,73.0,3.0,0.0,11.0,4.0,2.0,0.0,0.0,95.0,85.0,61.0,58.0,5.0,2.0,20.0,19.0,13.0,9.0,3.0,2.0,52.0,4.49444,승,평일,0.8947368421052632,0.9508196721311475,0.4,0.95,0.36363636363636365,0.6923076923076923,0.6666666666666666
6edc533f0067381ffd458f20cb300523,0.0,0.0,0.0,0.0,80.0,1.0,1.0,3.0,2.0,0.0,0.0,0.0,104.0,88.0,80.0,74.0,3.0,0.0,18.0,13.0,12.0,7.0,13.0,1.0,48.0,3.7000000000000006,패,평일,0.8461538461538461,0.925,0.0,0.7222222222222222,0.6666666666666666,0.5833333333333334,0.07692307692307693
1c228f4bf241b76263524f867f2a2941,2.0,0.0,0.0,0.0,68.0,1.0,0.0,8.0,4.0,1.0,0.0,0.0,110.0,101.0,89.0,86.0,5.0,2.0,15.0,13.0,12.0,5.0,7.0,0.0,45.0,3.78333,패,평일,0.9181818181818182,0.9662921348314607,0.4,0.8666666666666667,0.5,0.4166666666666667,0.0
daca5af09d098128696163520869f2b2,0.0,0.0,0.0,0.0,78.0,1.0,1.0,7.0,4.0,2.0,0.0,0.0,112.0,96.0,78.0,72.0,10.0,6.0,17.0,14.0,16.0,11.0,12.0,2.0,55.0,4.28333,승,평일,0.8571428571428571,0.9230769230769231,0.6,0.8235294117647058,0.5714285714285714,0.6875,0.16666666666666666
9583456644bcaffab2f8df9e7d55cd0a,0.0,0.0,0.0,0.0,81.0,3.0,0.0,9.0,7.0,4.0,0.0,0.0,107.0,88.0,69.0,65.0,8.0,1.0,28.0,22.0,15.0,8.0,3.0,1.0,48.0,4.77778,승,평일,0.822429906542056,0.9420289855072463,0.125,0.7857142857142857,0.7777777777777778,0.5333333333333333,0.3333333333333333
eb36555d4d460edc57ee20b782723388,1.0,1.0,0.0,1.0,79.0,2.0,0.0,4.0,3.0,0.0,0.0,0.0,110.0,90.0,75.0,68.0,13.0,4.0,20.0,18.0,5.0,3.0,9.0,0.0,52.0,3.48889,패,평일,0.8181818181818182,0.9066666666666666,0.3076923076923077,0.9,0.75,0.6,0.0
5bc0201605d88dbae922a1d71c9151be,1.0,0.0,0.0,0.0,57.0,0.0,0.0,3.0,2.0,1.0,0.0,0.0,91.0,79.0,57.0,51.0,1.0,0.0,25.0,21.0,9.0,5.0,7.0,0.0,45.0,3.8666700000000005,패,평일,0.8681318681318682,0.8947368421052632,0.0,0.84,0.6666666666666666,0.5555555555555556,0.0
88031a9baf4f4b48c1f369473c89e43a,0.0,0.0,0.0,0.0,92.0,5.0,0.0,6.0,4.0,2.0,0.0,0.0,112.0,101.0,73.0,72.0,15.0,8.0,11.0,10.0,8.0,3.0,3.0,0.0,55.0,4.21667,승,평일,0.9017857142857143,0.9863013698630136,0.5333333333333333,0.9090909090909091,0.6666666666666666,0.375,0.0
30b8738662a58281e998afb620619be5,1.0,0.0,0.0,0.0,75.0,1.0,0.0,7.0,5.0,4.0,0.0,0.0,102.0,93.0,48.0,45.0,11.0,6.0,35.0,34.0,4.0,2.0,7.0,0.0,57.0,4.25556,무,평일,0.9117647058823529,0.9375,0.5454545454545454,0.9714285714285714,0.7142857142857143,0.5,0.0
859ac5194ff554a4b69c5130d6ef5da3,0.0,0.0,0.0,0.0,70.0,2.0,0.0,9.0,8.0,4.0,0.0,0.0,88.0,80.0,61.0,57.0,4.0,1.0,23.0,22.0,4.0,1.0,6.0,0.0,43.0,4.02222,무,평일,0.9090909090909091,0.9344262295081968,0.25,0.9565217391304348,0.8888888888888888,0.25,0.0
6b3330cc73b3e72df16ee3359b5d9641,1.0,0.0,0.0,0.0,67.0,1.0,0.0,5.0,4.0,1.0,0.0,0.0,85.0,70.0,69.0,59.0,2.0,1.0,10.0,7.0,26.0,11.0,6.0,0.0,48.0,3.91667,패,평일,0.8235294117647058,0.855072463768116,0.5,0.7,0.8,0.4230769230769231,0.0
a4bd73f26317cf7f14f5821c18c8566b,0.0,1.0,0.0,0.0,78.0,2.0,1.0,10.0,6.0,2.0,0.0,0.0,107.0,97.0,72.0,70.0,5.0,2.0,23.0,21.0,12.0,6.0,6.0,0.0,52.0,4.26111,승,평일,0.9065420560747663,0.9722222222222222,0.4,0.9130434782608695,0.6,0.5,0.0
487775286451863bf925c50a40bbccb2,0.0,0.0,0.0,0.0,73.0,1.0,1.0,8.0,7.0,3.0,0.0,0.0,110.0,98.0,85.0,80.0,8.0,3.0,15.0,14.0,3.0,3.0,7.0,1.0,51.0,4.34444,승,평일,0.8909090909090909,0.9411764705882353,0.375,0.9333333333333333,0.875,1.0,0.14285714285714285
8b719a70bf7b1c163a446fc69d1dc621,1.0,0.0,0.0,0.0,58.0,4.0,0.0,6.0,5.0,2.0,0.0,0.0,100.0,88.0,85.0,81.0,5.0,0.0,8.0,5.0,11.0,4.0,16.0,2.0,49.0,4.02222,패,평일,0.88,0.9529411764705882,0.0,0.625,0.8333333333333334,0.36363636363636365,0.125
38fcece4ca065086e79550ef1e810405,1.0,0.0,0.0,0.0,90.0,2.0,0.0,4.0,3.0,1.0,0.0,0.0,114.0,102.0,87.0,81.0,6.0,2.0,19.0,17.0,4.0,4.0,11.0,0.0,59.0,3.72778,패,평일,0.8947368421052632,0.9310344827586207,0.3333333333333333,0.8947368421052632,0.75,1.0,0.0
98ce14cc8cb4bc0e48f6ebbab53fe853,1.0,0.0,0.0,0.0,60.0,0.0,0.0,7.0,5.0,4.0,0.0,0.0,76.0,66.0,45.0,41.0,5.0,0.0,26.0,25.0,3.0,2.0,7.0,2.0,41.0,4.4,승,평일,0.868421052631579,0.9111111111111111,0.0,0.9615384615384616,0.7142857142857143,0.6666666666666666,0.2857142857142857
bd7e641362a359c9c738c2ffba04d8bf,0.0,0.0,0.0,0.0,63.0,0.0,0.0,5.0,4.0,3.0,0.0,0.0,102.0,85.0,71.0,64.0,9.0,7.0,21.0,14.0,11.0,6.0,20.0,2.0,46.0,4.33889,승,평일,0.8333333333333334,0.9014084507042254,0.7777777777777778,0.6666666666666666,0.8,0.5454545454545454,0.1
c335c1cad1b57d2049a204d7e1ed050a,0.0,0.0,0.0,0.0,90.0,8.0,1.0,17.0,12.0,2.0,0.0,0.0,136.0,124.0,110.0,107.0,8.0,2.0,13.0,12.0,12.0,8.0,5.0,0.0,54.0,4.46111,패,평일,0.9117647058823529,0.9727272727272728,0.25,0.9230769230769231,0.7058823529411765,0.6666666666666666,0.0
86c32f09645e6255940ade028b065939,0.0,0.0,0.0,0.0,58.0,1.0,0.0,3.0,3.0,1.0,0.0,0.0,86.0,71.0,55.0,50.0,3.0,0.0,28.0,21.0,15.0,9.0,10.0,1.0,44.0,4.05,무,평일,0.8255813953488372,0.9090909090909091,0.0,0.75,1.0,0.6,0.1
c7a013aa60ec2fcddd182ff6a2ca3842,0.0,0.0,0.0,0.0,82.0,3.0,0.0,5.0,4.0,1.0,0.0,0.0,116.0,107.0,85.0,83.0,6.0,1.0,18.0,17.0,9.0,3.0,8.0,0.0,56.0,4.11111,무,평일,0.9224137931034483,0.9764705882352941,0.16666666666666666,0.9444444444444444,0.8,0.3333333333333333,0.0
7999618783fff7f39194e125dbd9f55c,1.0,0.0,0.0,0.0,66.0,1.0,0.0,7.0,6.0,1.0,0.0,0.0,99.0,86.0,65.0,59.0,0.0,0.0,24.0,22.0,2.0,2.0,5.0,1.0,47.0,4.02222,무,평일,0.8686868686868687,0.9076923076923077,0.0,0.9166666666666666,0.8571428571428571,1.0,0.2
d236d50da8a30f0aa2fb2b2e62d15b90,1.0,0.0,0.0,0.0,80.0,1.0,0.0,6.0,5.0,1.0,0.0,0.0,113.0,103.0,82.0,78.0,3.0,3.0,21.0,17.0,10.0,10.0,17.0,1.0,53.0,4.26111,무,평일,0.911504424778761,0.9512195121951219,1.0,0.8095238095238095,0.8333333333333334,1.0,0.058823529411764705
6229718f0ed1b174feca333b9b21c9e9,0.0,0.0,0.0,0.0,67.0,2.0,1.0,5.0,5.0,1.0,0.0,0.0,94.0,84.0,66.0,63.0,9.0,6.0,16.0,13.0,12.0,6.0,7.0,0.0,47.0,4.1,무,평일,0.8936170212765957,0.9545454545454546,0.6666666666666666,0.8125,1.0,0.5,0.0
66155d4dac278dedf302c4596300aa08,1.0,0.0,0.0,0.0,89.0,2.0,1.0,4.0,3.0,1.0,0.0,0.0,120.0,108.0,88.0,84.0,5.0,2.0,14.0,11.0,4.0,2.0,4.0,0.0,53.0,4.09444,무,평일,0.9,0.9545454545454546,0.4,0.7857142857142857,0.75,0.5,0.0
2c0789b94f50de9173c93d7a317f1a90,0.0,0.0,0.0,0.0,77.0,3.0,3.0,8.0,4.0,1.0,0.0,0.0,94.0,80.0,62.0,61.0,5.0,2.0,23.0,14.0,12.0,7.0,9.0,0.0,48.0,3.91111,패,평일,0.851063829787234,0.9838709677419355,0.4,0.6086956521739131,0.5,0.5833333333333334,0.0
6da07a840b8547a9206c1ea8eb0b226c,0.0,0.0,0.0,0.0,93.0,0.0,0.0,5.0,5.0,2.0,0.0,0.0,114.0,104.0,101.0,94.0,0.0,0.0,11.0,9.0,6.0,2.0,8.0,2.0,52.0,4.26111,승,평일,0.9122807017543859,0.9306930693069307,0.0,0.8181818181818182,1.0,0.3333333333333333,0.25
33c7a6cce48043a677bcf469d5c3b2e3,0.0,0.0,0.0,0.0,70.0,1.0,0.0,6.0,4.0,3.0,0.0,0.0,102.0,92.0,50.0,48.0,6.0,1.0,41.0,39.0,5.0,2.0,12.0,0.0,49.0,4.57778,승,평일,0.9019607843137255,0.96,0.16666666666666666,0.9512195121951219,0.6666666666666666,0.4,0.0
b00618304670b4b6f8574a554f8c08f6,0.0,0.0,0.0,0.0,79.0,1.0,1.0,7.0,3.0,0.0,0.0,0.0,104.0,94.0,79.0,75.0,3.0,2.0,22.0,17.0,4.0,2.0,8.0,1.0,51.0,3.57222,패,평일,0.9038461538461539,0.9493670886075949,0.6666666666666666,0.7727272727272727,0.42857142857142855,0.5,0.125
3ec465e3bb93f4c75459ac49402017e8,1.0,0.0,0.0,0.0,64.0,0.0,1.0,4.0,4.0,3.0,0.0,0.0,77.0,70.0,47.0,43.0,0.0,0.0,28.0,25.0,18.0,9.0,8.0,1.0,44.0,4.26667,승,평일,0.9090909090909091,0.9148936170212766,0.0,0.8928571428571429,1.0,0.5,0.125
88c5044e620fdf50ee5f3b53ebf56c4b,1.0,0.0,0.0,0.0,97.0,1.0,3.0,8.0,6.0,2.0,1.0,0.0,133.0,120.0,99.0,93.0,4.0,4.0,25.0,23.0,10.0,4.0,5.0,1.0,56.0,3.92222,패,평일,0.9022556390977443,0.9393939393939394,1.0,0.92,0.75,0.4,0.2
44f372d5cf324675cdf80ab1fd07ab62,1.0,0.0,0.0,0.0,65.0,1.0,2.0,8.0,6.0,4.0,0.0,0.0,89.0,77.0,47.0,43.0,4.0,2.0,35.0,31.0,14.0,9.0,9.0,0.0,49.0,4.31667,승,평일,0.8651685393258427,0.9148936170212766,0.5,0.8857142857142857,0.75,0.6428571428571429,0.0
4e17c050be2e65051a9d81145ce7455c,0.0,0.0,0.0,0.0,69.0,3.0,0.0,9.0,6.0,3.0,0.0,0.0,124.0,113.0,99.0,94.0,5.0,5.0,19.0,14.0,13.0,8.0,6.0,1.0,51.0,4.12778,패,평일,0.9112903225806451,0.9494949494949495,1.0,0.7368421052631579,0.6666666666666666,0.6153846153846154,0.16666666666666666
4b7a308adbc80295df75568d1831974f,2.0,0.0,0.0,1.0,51.0,2.0,2.0,3.0,1.0,0.0,0.0,0.0,90.0,71.0,39.0,36.0,7.0,3.0,37.0,28.0,18.0,12.0,10.0,1.0,47.0,3.8,패,평일,0.7888888888888889,0.9230769230769231,0.42857142857142855,0.7567567567567568,0.3333333333333333,0.6666666666666666,0.1
9f90c4016c615ecc8d4bca6c7919774e,1.0,0.0,0.0,0.0,79.0,4.0,2.0,8.0,6.0,2.0,0.0,0.0,101.0,86.0,72.0,67.0,8.0,1.0,18.0,17.0,11.0,8.0,8.0,0.0,53.0,4.5,승,평일,0.8514851485148515,0.9305555555555556,0.125,0.9444444444444444,0.75,0.7272727272727273,0.0
7162b6133b00ccfff4ba092582827260,0.0,0.0,0.0,0.0,123.0,3.0,0.0,11.0,9.0,4.0,0.0,0.0,128.0,118.0,102.0,99.0,8.0,2.0,14.0,13.0,11.0,8.0,5.0,0.0,63.0,4.53333,승,평일,0.921875,0.9705882352941176,0.25,0.9285714285714286,0.8181818181818182,0.7272727272727273,0.0
ccb5f7c755775a38b91a27ac9dcecfbc,2.0,0.0,0.0,0.0,52.0,0.0,2.0,3.0,3.0,3.0,0.0,0.0,84.0,66.0,17.0,16.0,0.0,0.0,64.0,49.0,24.0,9.0,18.0,2.0,37.0,3.77778,패,평일,0.7857142857142857,0.9411764705882353,0.0,0.765625,1.0,0.375,0.1111111111111111
06234bf0f56897447bf5de4b6f8acf1a,0.0,0.0,0.0,0.0,95.0,1.0,0.0,7.0,7.0,3.0,0.0,0.0,110.0,103.0,70.0,65.0,5.0,5.0,35.0,33.0,11.0,6.0,8.0,0.0,57.0,5.69444,무,평일,0.9363636363636364,0.9285714285714286,1.0,0.9428571428571428,1.0,0.5454545454545454,0.0
251a7c62106d2dba820030c59f0d8888,1.0,0.0,0.0,0.0,63.0,1.0,2.0,8.0,6.0,3.0,0.0,0.0,87.0,79.0,49.0,47.0,4.0,2.0,31.0,29.0,12.0,9.0,13.0,0.0,43.0,3.9777800000000005,무,평일,0.9080459770114943,0.9591836734693877,0.5,0.9354838709677419,0.75,0.75,0.0
0a08b236f17f60067ab59826672e20d3,1.0,0.0,0.0,0.0,84.0,6.0,0.0,9.0,8.0,3.0,0.0,0.0,130.0,110.0,97.0,86.0,7.0,4.0,22.0,19.0,14.0,7.0,6.0,0.0,54.0,4.42222,승,평일,0.8461538461538461,0.8865979381443299,0.5714285714285714,0.8636363636363636,0.8888888888888888,0.5,0.0
c61d75d7f4e8df37a71b2eafabc70c83,0.0,0.0,0.0,0.0,55.0,4.0,0.0,5.0,2.0,2.0,0.0,0.0,103.0,82.0,64.0,57.0,13.0,6.0,21.0,16.0,20.0,13.0,16.0,0.0,46.0,3.94444,패,평일,0.7961165048543689,0.890625,0.46153846153846156,0.7619047619047619,0.4,0.65,0.0
77b1522bff779116c8b31a9da31e7332,0.0,1.0,0.0,0.0,65.0,2.0,2.0,6.0,4.0,2.0,0.0,0.0,99.0,84.0,62.0,56.0,6.0,3.0,24.0,20.0,5.0,5.0,13.0,1.0,47.0,4.12778,무,평일,0.8484848484848485,0.9032258064516129,0.5,0.8333333333333334,0.6666666666666666,1.0,0.07692307692307693
f8be5acc1ee26218732c0551c4835bbd,1.0,0.0,0.0,0.0,72.0,2.0,0.0,9.0,6.0,2.0,0.0,0.0,86.0,76.0,53.0,52.0,4.0,2.0,27.0,22.0,10.0,5.0,7.0,2.0,53.0,4.23333,무,평일,0.8837209302325582,0.9811320754716981,0.5,0.8148148148148148,0.6666666666666666,0.5,0.2857142857142857
9878bef6ea2bcabd49ed039ba884349b,0.0,0.0,0.0,0.0,80.0,2.0,0.0,6.0,6.0,4.0,0.0,0.0,101.0,91.0,77.0,73.0,7.0,3.0,13.0,12.0,14.0,5.0,6.0,1.0,60.0,4.27222,승,평일,0.900990099009901,0.948051948051948,0.42857142857142855,0.9230769230769231,1.0,0.35714285714285715,0.16666666666666666
ee35ec96988339aed68b556ce5409618,0.0,0.0,0.0,0.0,52.0,3.0,0.0,9.0,7.0,3.0,0.0,0.0,82.0,74.0,48.0,45.0,4.0,1.0,29.0,28.0,11.0,4.0,8.0,0.0,40.0,3.8611099999999996,패,평일,0.9024390243902439,0.9375,0.25,0.9655172413793104,0.7777777777777778,0.36363636363636365,0.0
a89354b2b4e18c61ac55b1589f7d9610,1.0,0.0,0.0,0.0,88.0,0.0,0.0,7.0,4.0,4.0,0.0,0.0,106.0,97.0,77.0,71.0,1.0,1.0,26.0,24.0,15.0,9.0,9.0,0.0,59.0,4.37222,승,평일,0.9150943396226415,0.922077922077922,1.0,0.9230769230769231,0.5714285714285714,0.6,0.0
d95c4e32e228ce78dce19098b3d0b8aa,0.0,0.0,0.0,0.0,50.0,2.0,1.0,7.0,4.0,3.0,0.0,0.0,81.0,63.0,24.0,20.0,6.0,3.0,49.0,39.0,20.0,13.0,8.0,1.0,41.0,3.92222,패,평일,0.7777777777777778,0.8333333333333334,0.5,0.7959183673469388,0.5714285714285714,0.65,0.125
3745b5398ca86069777c94f6eb7ef774,0.0,0.0,0.0,0.0,75.0,0.0,1.0,2.0,2.0,2.0,0.0,0.0,117.0,100.0,75.0,64.0,0.0,0.0,31.0,28.0,11.0,7.0,11.0,1.0,51.0,3.82222,패,평일,0.8547008547008547,0.8533333333333334,0.0,0.9032258064516129,1.0,0.6363636363636364,0.09090909090909091
8192fc9de3daef8805cd5b695e06e98a,0.0,0.0,0.0,0.0,75.0,0.0,2.0,8.0,6.0,4.0,0.0,0.0,102.0,91.0,68.0,63.0,0.0,0.0,31.0,26.0,22.0,14.0,7.0,0.0,49.0,4.47778,승,평일,0.8921568627450981,0.9264705882352942,0.0,0.8387096774193549,0.75,0.6363636363636364,0.0
500fd97edcbcfd02036b1e78ac1ab8b6,1.0,0.0,0.0,0.0,59.0,2.0,0.0,5.0,3.0,1.0,0.0,0.0,100.0,85.0,71.0,65.0,2.0,1.0,16.0,12.0,11.0,5.0,6.0,1.0,55.0,3.9,패,평일,0.85,0.9154929577464789,0.5,0.75,0.6,0.45454545454545453,0.16666666666666666
f50be51e836fa7b47f9dbfc61a15987d,0.0,0.0,0.0,0.0,70.0,5.0,1.0,8.0,7.0,2.0,0.0,0.0,93.0,79.0,56.0,54.0,6.0,3.0,27.0,22.0,7.0,7.0,5.0,2.0,45.0,4.35,승,평일,0.8494623655913979,0.9642857142857143,0.5,0.8148148148148148,0.875,1.0,0.4
956ea676e7e21971fb48b11d30f09406,0.0,0.0,0.0,0.0,71.0,1.0,0.0,4.0,4.0,1.0,0.0,0.0,105.0,96.0,84.0,80.0,6.0,3.0,11.0,9.0,5.0,2.0,7.0,1.0,56.0,4.20556,무,평일,0.9142857142857143,0.9523809523809523,0.5,0.8181818181818182,1.0,0.4,0.14285714285714285
bab5994887eda7c5d52150074136c770,1.0,0.0,0.0,0.0,67.0,4.0,0.0,7.0,5.0,1.0,0.0,0.0,88.0,76.0,56.0,50.0,10.0,4.0,21.0,21.0,5.0,4.0,8.0,0.0,44.0,4.32778,무,평일,0.8636363636363636,0.8928571428571429,0.4,1.0,0.7142857142857143,0.8,0.0
ddecbe9035bce533a814298d52e4e8c2,1.0,0.0,0.0,0.0,69.0,3.0,0.0,12.0,9.0,3.0,0.0,0.0,97.0,90.0,65.0,65.0,6.0,2.0,17.0,16.0,14.0,6.0,8.0,1.0,48.0,3.9111099999999994,패,평일,0.9278350515463918,1.0,0.3333333333333333,0.9411764705882353,0.75,0.42857142857142855,0.125
fc10b5b878a4ff5ba607f3e9806fb329,1.0,0.0,0.0,0.0,59.0,1.0,0.0,10.0,7.0,5.0,0.0,0.0,94.0,83.0,64.0,61.0,1.0,1.0,24.0,18.0,16.0,6.0,9.0,2.0,52.0,4.41667,승,평일,0.8829787234042553,0.953125,1.0,0.75,0.7,0.375,0.2222222222222222
0a30b8bef4eb674315b0d9f21ce71775,0.0,1.0,0.0,0.0,73.0,0.0,2.0,1.0,0.0,0.0,0.0,0.0,78.0,65.0,51.0,49.0,6.0,1.0,19.0,13.0,14.0,9.0,11.0,1.0,50.0,3.65556,패,평일,0.8333333333333334,0.9607843137254902,0.16666666666666666,0.6842105263157895,0.0,0.6428571428571429,0.09090909090909091
382a340c596c3a8bf6b7aeaf45c8668a,0.0,1.0,0.0,0.0,67.0,1.0,2.0,10.0,6.0,1.0,0.0,0.0,79.0,70.0,58.0,56.0,2.0,2.0,9.0,4.0,13.0,7.0,3.0,0.0,50.0,4.17222,승,평일,0.8860759493670886,0.9655172413793104,1.0,0.4444444444444444,0.6,0.5384615384615384,0.0
528cddf72ed877027acb9aef56a8ebb3,3.0,0.0,0.0,0.0,65.0,1.0,0.0,5.0,5.0,2.0,0.0,0.0,93.0,83.0,76.0,71.0,0.0,0.0,10.0,7.0,21.0,9.0,9.0,0.0,40.0,3.72778,패,평일,0.8924731182795699,0.9342105263157895,0.0,0.7,1.0,0.42857142857142855,0.0
f8594e382262a28b927207059b90c741,0.0,0.0,0.0,0.0,101.0,1.0,0.0,4.0,3.0,3.0,0.0,0.0,118.0,105.0,80.0,77.0,2.0,1.0,21.0,17.0,5.0,4.0,6.0,1.0,60.0,4.3,승,평일,0.8898305084745762,0.9625,0.5,0.8095238095238095,0.75,0.8,0.16666666666666666
be0373ef2f339e9da9e1a70a25fc5118,0.0,0.0,0.0,0.0,50.0,3.0,0.0,10.0,7.0,2.0,0.0,0.0,66.0,54.0,34.0,32.0,8.0,6.0,17.0,11.0,13.0,6.0,10.0,0.0,42.0,4.03333,무,평일,0.8181818181818182,0.9411764705882353,0.75,0.6470588235294118,0.7,0.46153846153846156,0.0
df4503fa15f5914cec9aec82a84d554c,1.0,0.0,0.0,0.0,82.0,3.0,0.0,8.0,7.0,2.0,0.0,0.0,102.0,90.0,75.0,72.0,5.0,2.0,22.0,16.0,6.0,3.0,8.0,1.0,58.0,4.26111,무,평일,0.8823529411764706,0.96,0.4,0.7272727272727273,0.875,0.5,0.125
9ef76ef48ee26c12dcda2f2042a3d044,1.0,0.0,0.0,0.0,75.0,3.0,3.0,6.0,2.0,0.0,0.0,0.0,79.0,67.0,72.0,65.0,7.0,2.0,0.0,0.0,11.0,7.0,4.0,1.0,51.0,4.01667,무,평일,0.8481012658227848,0.9027777777777778,0.2857142857142857,0.0,0.3333333333333333,0.6363636363636364,0.25
10aa112559d91decb9e875a99087ef6e,0.0,0.0,0.0,0.0,86.0,2.0,2.0,7.0,7.0,3.0,0.0,0.0,104.0,97.0,82.0,78.0,5.0,4.0,8.0,8.0,4.0,4.0,7.0,0.0,59.0,4.45,승,평일,0.9326923076923077,0.9512195121951219,0.8,1.0,1.0,1.0,0.0
9c5f8828231735ca46b6f80cc9ed6b8d,2.0,0.0,0.0,0.0,59.0,1.0,0.0,5.0,4.0,1.0,0.0,0.0,72.0,62.0,32.0,28.0,8.0,5.0,24.0,21.0,20.0,10.0,8.0,0.0,41.0,3.80556,패,평일,0.8611111111111112,0.875,0.625,0.875,0.8,0.5,0.0
1dbdef7049e72a9c4f1cd7e0e144361f,0.0,0.0,0.0,0.0,47.0,1.0,1.0,9.0,8.0,5.0,0.0,0.0,70.0,62.0,45.0,40.0,2.0,2.0,21.0,19.0,14.0,6.0,15.0,0.0,43.0,4.38889,승,평일,0.8857142857142857,0.8888888888888888,1.0,0.9047619047619048,0.8888888888888888,0.42857142857142855,0.0
212686c3778896e7e6dab34324d48042,1.0,0.0,0.0,0.0,97.0,4.0,1.0,11.0,8.0,4.0,0.0,0.0,134.0,121.0,107.0,104.0,9.0,5.0,13.0,11.0,3.0,3.0,7.0,0.0,57.0,4.30556,패,평일,0.9029850746268657,0.9719626168224299,0.5555555555555556,0.8461538461538461,0.7272727272727273,1.0,0.0
4fe37015adf909b82020945595d70860,1.0,0.0,0.0,0.0,58.0,3.0,1.0,16.0,8.0,0.0,0.0,0.0,92.0,80.0,67.0,66.0,5.0,2.0,18.0,11.0,26.0,12.0,4.0,0.0,41.0,3.63889,패,평일,0.8695652173913043,0.9850746268656716,0.4,0.6111111111111112,0.5,0.46153846153846156,0.0
f7074c89f8f0f38e895df31e7f7118f9,0.0,0.0,0.0,0.0,96.0,0.0,1.0,2.0,1.0,1.0,0.0,0.0,100.0,89.0,71.0,68.0,3.0,2.0,14.0,11.0,3.0,3.0,17.0,5.0,59.0,4.18889,승,평일,0.89,0.9577464788732394,0.6666666666666666,0.7857142857142857,0.5,1.0,0.29411764705882354
5582620a5a8d77f593981bbcf4a7fa5c,0.0,0.0,0.0,0.0,71.0,1.0,3.0,7.0,5.0,2.0,0.0,0.0,91.0,80.0,76.0,74.0,1.0,0.0,9.0,5.0,18.0,8.0,5.0,0.0,51.0,3.85,패,평일,0.8791208791208791,0.9736842105263158,0.0,0.5555555555555556,0.7142857142857143,0.4444444444444444,0.0
a729373cadfea3dd65be41bbca291fc7,1.0,0.0,0.0,1.0,73.0,2.0,1.0,9.0,6.0,4.0,0.0,0.0,101.0,92.0,67.0,65.0,6.0,2.0,25.0,24.0,17.0,8.0,10.0,1.0,49.0,4.36111,승,평일,0.9108910891089109,0.9701492537313433,0.3333333333333333,0.96,0.6666666666666666,0.47058823529411764,0.1
be7e02921d79cc20f7508278e9ada11d,0.0,0.0,0.0,0.0,80.0,2.0,0.0,6.0,3.0,2.0,0.0,0.0,95.0,89.0,76.0,75.0,5.0,3.0,11.0,9.0,9.0,6.0,9.0,1.0,60.0,3.97222,무,평일,0.9368421052631579,0.9868421052631579,0.6,0.8181818181818182,0.5,0.6666666666666666,0.1111111111111111
d56345daeb60a818f829a5a32b472f03,0.0,0.0,0.0,0.0,80.0,1.0,0.0,6.0,6.0,2.0,0.0,0.0,92.0,84.0,79.0,76.0,2.0,0.0,8.0,7.0,15.0,8.0,6.0,1.0,40.0,4.01667,무,평일,0.9130434782608695,0.9620253164556962,0.0,0.875,1.0,0.5333333333333333,0.16666666666666666
bda587cc3ffe847ccdebd4e2cf0e71c8,1.0,0.0,0.0,1.0,61.0,1.0,1.0,13.0,5.0,1.0,0.0,0.0,75.0,72.0,53.0,52.0,5.0,5.0,17.0,15.0,17.0,12.0,5.0,0.0,47.0,3.5444399999999994,패,평일,0.96,0.9811320754716981,1.0,0.8823529411764706,0.38461538461538464,0.7058823529411765,0.0
df6d96c02e3bcc8f96561d116e1b9691,0.0,0.0,0.0,0.0,69.0,0.0,1.0,4.0,3.0,3.0,0.0,0.0,97.0,92.0,83.0,80.0,2.0,1.0,11.0,10.0,6.0,2.0,14.0,0.0,53.0,4.3,승,평일,0.9484536082474226,0.963855421686747,0.5,0.9090909090909091,0.75,0.3333333333333333,0.0
a564f3c80f38a839489fa2184af261b9,1.0,0.0,0.0,1.0,64.0,4.0,0.0,12.0,9.0,2.0,0.0,0.0,80.0,69.0,56.0,49.0,7.0,5.0,16.0,15.0,8.0,8.0,10.0,2.0,49.0,4.26111,무,평일,0.8625,0.875,0.7142857142857143,0.9375,0.75,1.0,0.2
f31d91278d2213169b5dc1a29d0395b5,1.0,0.0,0.0,0.0,55.0,2.0,2.0,12.0,10.0,2.0,0.0,0.0,70.0,62.0,50.0,45.0,6.0,3.0,14.0,14.0,19.0,14.0,7.0,1.0,51.0,4.16111,무,평일,0.8857142857142857,0.9,0.5,1.0,0.8333333333333334,0.7368421052631579,0.14285714285714285
0fe942c6ab6ee86363231635bb85eb2f,1.0,0.0,0.0,0.0,81.0,2.0,2.0,6.0,2.0,0.0,0.0,0.0,106.0,97.0,62.0,58.0,11.0,7.0,26.0,25.0,8.0,3.0,10.0,0.0,53.0,3.62222,패,평일,0.9150943396226415,0.9354838709677419,0.6363636363636364,0.9615384615384616,0.3333333333333333,0.375,0.0
f146b6374b373cf6e961a40a777161bd,0.0,0.0,0.0,0.0,50.0,2.0,1.0,12.0,8.0,3.0,0.0,0.0,81.0,66.0,50.0,46.0,11.0,8.0,18.0,12.0,8.0,7.0,7.0,1.0,47.0,4.58889,승,평일,0.8148148148148148,0.92,0.7272727272727273,0.6666666666666666,0.6666666666666666,0.875,0.14285714285714285
2bdd44f5c53a3a5dabc9098d2cc61a57,1.0,0.0,0.0,0.0,80.0,2.0,3.0,13.0,9.0,5.0,0.0,0.0,86.0,75.0,49.0,48.0,4.0,2.0,28.0,23.0,23.0,13.0,6.0,0.0,54.0,4.64444,승,평일,0.872093023255814,0.9795918367346939,0.5,0.8214285714285714,0.6923076923076923,0.5652173913043478,0.0
e079baf3448c1cc1928a0b6b3c21cfdd,0.0,1.0,0.0,0.0,48.0,0.0,1.0,2.0,2.0,1.0,1.0,0.0,68.0,61.0,52.0,47.0,2.0,2.0,14.0,12.0,15.0,7.0,13.0,3.0,46.0,3.41667,패,평일,0.8970588235294118,0.9038461538461539,1.0,0.8571428571428571,1.0,0.4666666666666667,0.23076923076923078
1421bc9e7f5b2f6f418d310c0b30f5c4,1.0,0.0,0.0,0.0,64.0,6.0,0.0,12.0,6.0,2.0,0.0,0.0,98.0,85.0,62.0,60.0,11.0,6.0,22.0,18.0,15.0,10.0,5.0,0.0,49.0,4.53889,승,평일,0.8673469387755102,0.967741935483871,0.5454545454545454,0.8181818181818182,0.5,0.6666666666666666,0.0
9a42e043c719df6764383df885ca06b9,1.0,0.0,0.0,0.0,52.0,1.0,0.0,2.0,1.0,0.0,0.0,0.0,82.0,74.0,55.0,51.0,3.0,2.0,11.0,10.0,11.0,7.0,12.0,1.0,51.0,3.63889,패,평일,0.9024390243902439,0.9272727272727272,0.6666666666666666,0.9090909090909091,0.5,0.6363636363636364,0.08333333333333333
0f25886f5452e1fd534f882ff4df63e1,0.0,0.0,0.0,0.0,96.0,5.0,0.0,11.0,8.0,0.0,0.0,0.0,109.0,98.0,70.0,67.0,6.0,2.0,28.0,26.0,13.0,8.0,7.0,0.0,57.0,4.20556,무,평일,0.8990825688073395,0.9571428571428572,0.3333333333333333,0.9285714285714286,0.7272727272727273,0.6153846153846154,0.0
c134155c1038d3a1067cd68fc07a12e6,0.0,0.0,0.0,0.0,61.0,0.0,0.0,2.0,1.0,0.0,0.0,0.0,99.0,83.0,59.0,50.0,1.0,0.0,31.0,28.0,14.0,7.0,20.0,0.0,43.0,4.0,무,평일,0.8383838383838383,0.847457627118644,0.0,0.9032258064516129,0.5,0.5,0.0
26d6085f76b1ef1ab30b9adc68d14dc2,0.0,0.0,0.0,0.0,97.0,2.0,0.0,6.0,4.0,1.0,0.0,0.0,141.0,127.0,100.0,96.0,4.0,3.0,34.0,28.0,9.0,2.0,8.0,1.0,60.0,4.07222,무,평일,0.900709219858156,0.96,0.75,0.8235294117647058,0.6666666666666666,0.2222222222222222,0.125
80da2b3fe595e0a9fdc13d7fe0d252c5,2.0,0.0,0.0,1.0,49.0,1.0,0.0,6.0,4.0,1.0,0.0,0.0,78.0,68.0,37.0,35.0,11.0,7.0,28.0,26.0,24.0,12.0,16.0,1.0,40.0,3.96667,무,평일,0.8717948717948718,0.9459459459459459,0.6363636363636364,0.9285714285714286,0.6666666666666666,0.5,0.0625
